id,tags,suggested_glyphs,url,license
137394,"back-pack-zipper, zipper, zip",φ,https://freesound.org/people/dansotak/sounds/137394,http://creativecommons.org/publicdomain/zero/1.0/
189669,"continuous, dripping, water, quick, trickle, LCS13",◯∆,https://freesound.org/people/sangtao/sounds/189669,http://creativecommons.org/publicdomain/zero/1.0/
249115,"E4, single-note, clarinet, good-sounds, multisample, neumann-U87",φ,https://freesound.org/people/MTG/sounds/249115,http://creativecommons.org/licenses/by/3.0/
384956,"Dizi, Flute, C",φ,https://freesound.org/people/Hypnotriod/sounds/384956,http://creativecommons.org/publicdomain/zero/1.0/
186948,"cannon, explosion, boom, echo",φ,https://freesound.org/people/ReadeOnly/sounds/186948,http://creativecommons.org/publicdomain/zero/1.0/
505458,"proggi, progressive, fx, house, goa, effect, techno, psychedelic, psytrance, trance, kick, minimal, bass",φ,https://freesound.org/people/dannyu81/sounds/505458,http://creativecommons.org/publicdomain/zero/1.0/
519656,"impact, thud, hit, object, plastic",φ,https://freesound.org/people/jimruss68@gmail.com/sounds/519656,http://creativecommons.org/licenses/by/3.0/
357256,"neumann-U87, Asharpmajor, clarinet, scale, good-sounds",φ,https://freesound.org/people/MTG/sounds/357256,http://creativecommons.org/licenses/by/3.0/
437943,"Vintage, Optical, Animals, Dogs",φ,https://freesound.org/people/craigsmith/sounds/437943,http://creativecommons.org/publicdomain/zero/1.0/
504180,"Sound, Real, Photo, Photography, Foley, Recording, Camera, Design, Notification, Click",φ,https://freesound.org/people/Joao_Janz/sounds/504180,http://creativecommons.org/publicdomain/zero/1.0/
79778,"ai09, jewish-harp, sound-transformation",φ,https://freesound.org/people/bsung88/sounds/79778,http://creativecommons.org/licenses/by/3.0/
11416,"delayed, electronic, mallet, multisample, reaktor",φ,https://freesound.org/people/Jovica/sounds/11416,http://creativecommons.org/licenses/by/3.0/
79184,"aip09, close, closing, door, shut, shutting, slamming",φ,https://freesound.org/people/Nathan_Lomeli/sounds/79184,http://creativecommons.org/licenses/sampling+/1.0/
356943,"neumann-U87, Asharpmajor, clarinet, scale, good-sounds",φ,https://freesound.org/people/MTG/sounds/356943,http://creativecommons.org/licenses/by/3.0/
576855,"hi-tom, drumset, dataset, sample, drums, tom, Beyerdynamic-TG-D70",φ⊕⇒,https://freesound.org/people/MaciaAC/sounds/576855,http://creativecommons.org/publicdomain/zero/1.0/
336765,"crunch, outdoor, snow, footstep, Snow, walk",φ,https://freesound.org/people/luminadii/sounds/336765,http://creativecommons.org/licenses/by/3.0/
276749,"effected, one-shot, kickdrum, oneshot, bassdrum, designed, bottle, kick-drum, kick, processed",φ,https://freesound.org/people/crispydinner/sounds/276749,http://creativecommons.org/publicdomain/zero/1.0/
249589,"4x4-Records, Wobble, Closed, Kick, Bass, Beat, Stab, Loop, Drums, Snare, Electric-Dance-Music, Drop, Drum, Off-Shot-Records, Hi-Hats, Ride, J, Clap, Lee, House, EDM, Sample, Dubstep",φ⊕⇒,https://freesound.org/people/staticpony1/sounds/249589,http://creativecommons.org/publicdomain/zero/1.0/
111331,"button, click, fire, flame, lighter, pop, stereo, swoosh, whoosh",φ,https://freesound.org/people/j1987/sounds/111331,http://creativecommons.org/publicdomain/zero/1.0/
220511,"load, acus, audio, squeaks",φ,https://freesound.org/people/gingersnap9900/sounds/220511,http://creativecommons.org/licenses/by/3.0/
523044,"animals, pets, meow, feline, cat, pet, animal, chewbacca, howl",φ,https://freesound.org/people/RadicalAns/sounds/523044,http://creativecommons.org/publicdomain/zero/1.0/
2429,"fiddle, field-recording, melody",φ,https://freesound.org/people/Andrew Duke/sounds/2429,http://creativecommons.org/licenses/by/3.0/
213431,"video-game, arcade, pick-up, game, games, retro, nintendo, video, coin, 8bit",φ,https://freesound.org/people/Taira Komori/sounds/213431,http://creativecommons.org/licenses/by/3.0/
330072,"game, tap, click, videogam, user-interface",φ,https://freesound.org/people/PaulMorek/sounds/330072,http://creativecommons.org/publicdomain/zero/1.0/
373297,"midi-note-64, vsco-2, flute, woodwinds, multisample, vibrato-sustain, e4, single-note, midi-velocity-63",φ,https://freesound.org/people/Samulis/sounds/373297,http://creativecommons.org/publicdomain/zero/1.0/
232199,"city, field-recording, urban, lo-fi, people, Raval, rain, Barcelona, night, drops",φ,https://freesound.org/people/nkroher/sounds/232199,http://creativecommons.org/licenses/by/3.0/
18645,"beat, beats, click, clicks, glitch, glitches, granular, idm, noise, pop, pops",⊖◯,https://freesound.org/people/tim.kahn/sounds/18645,http://creativecommons.org/licenses/by/3.0/
454618,"south, nai, zamfir, flute, pipe, instrument, pan, america, wind, zampona",φ,https://freesound.org/people/CarlosCarty/sounds/454618,http://creativecommons.org/licenses/by/3.0/
562029,"thrown, crumpled, ball, drop, paper, throw, wastepaper",φ,https://freesound.org/people/MattRuthSound/sounds/562029,http://creativecommons.org/licenses/by/3.0/
121423,"jazz, sampled-instruments, sax, saxophone, tenor-sax, vst, woodwind",⊖◯,https://freesound.org/people/clruwe/sounds/121423,http://creativecommons.org/licenses/by/3.0/
564079,"Moan, Voice, Dominant, Dom, horror, sample, Recording, Orgasm, Erotic, Woman, NSFW, Female, Pleasure, Professional, Grunt, Horror, aggression",φ⊕φ,https://freesound.org/people/AmeAfterDark/sounds/564079,http://creativecommons.org/licenses/by-nc/3.0/
124921,"8bit, altemark, electronic, gameboy, loop, lsdj, nintendo, techno",φ,https://freesound.org/people/altemark/sounds/124921,http://creativecommons.org/licenses/by/3.0/
11060,"clicks, davood, extended, rhythmic, technique, trumpet, valve",φ,https://freesound.org/people/batchku/sounds/11060,http://creativecommons.org/publicdomain/zero/1.0/
276542,"steel, crunch, aluminium, hit, aluminum, coke, move, metal, coke-can, crush, tin, place, can, tin-can, rolling, tick, roll, cola",φ,https://freesound.org/people/kwahmah_02/sounds/276542,http://creativecommons.org/licenses/by/3.0/
124660,"bass, dubstep, wah, wahwah, wobble",φ,https://freesound.org/people/MakoFox/sounds/124660,http://creativecommons.org/licenses/by/3.0/
424253,"summer, cricket, field-recording, nature, insect, cigale, cicada",φ,https://freesound.org/people/FRCAN/sounds/424253,http://creativecommons.org/publicdomain/zero/1.0/
436835,"embient, farting, field-recording, recorded-sound, fx, farts, cloudy, sample, fart, sound-effect, rhythm",φ,https://freesound.org/people/The_Fart/sounds/436835,http://creativecommons.org/publicdomain/zero/1.0/
543293,"sound, dry, walking, owi, leaves, walk, design, student, foot, steps, footsteps, class",φ,https://freesound.org/people/190156/sounds/543293,http://creativecommons.org/licenses/by-nc/3.0/
260899,"short, jawharp, boing, metal, vibrating, clang, music, tones, tunes, mouth, melody, harp",φ,https://freesound.org/people/simonjsounds/sounds/260899,http://creativecommons.org/publicdomain/zero/1.0/
372990,"clarinet, vsco-2, midi-note-62, woodwinds, staccato, multisample, midi-velocity-20, d4, single-note",φ,https://freesound.org/people/Samulis/sounds/372990,http://creativecommons.org/publicdomain/zero/1.0/
374597,"vsco-2, fsharp3, midi-note-55, violin-section, multisample, midi-velocity-95, vibrato-sustain, violin, single-note, strings",φφ↻,https://freesound.org/people/Samulis/sounds/374597,http://creativecommons.org/publicdomain/zero/1.0/
493594,"gunshot, 45, Glock21, field-test",φ,https://freesound.org/people/_Linus_Sebastian/sounds/493594,http://creativecommons.org/publicdomain/zero/1.0/
482807,"Vintage, Optical, Female, Voices",φ,https://freesound.org/people/craigsmith/sounds/482807,http://creativecommons.org/publicdomain/zero/1.0/
64171,"fart, field-recording, gas",φ,https://freesound.org/people/NoiseCollector/sounds/64171,http://creativecommons.org/licenses/by/3.0/
210537,"Foley, door, opening, wooden, sound-effect, close, closing, open",φ,https://freesound.org/people/Sclolex/sounds/210537,http://creativecommons.org/publicdomain/zero/1.0/
477843,"word, voice, male, Dutch, man",φ⊕φ,https://freesound.org/people/klankbeeld/sounds/477843,http://creativecommons.org/licenses/by/3.0/
314102,"multisample, single-note, synthesizer, Yamaha-CS-30L, midi-note-64, E4, midi-velocity-64",φφ↻,https://freesound.org/people/modularsamples/sounds/314102,http://creativecommons.org/publicdomain/zero/1.0/
555161,"jacket, zipper, pulling",φ,https://freesound.org/people/pbimal/sounds/555161,http://creativecommons.org/publicdomain/zero/1.0/
177147,"sharp, riff, bass, distortion",φ,https://freesound.org/people/HojnyTomasz/sounds/177147,http://creativecommons.org/publicdomain/zero/1.0/
445333,"male, OWI, groaning, mumbling, sighing, raw, mouth, human, voice, man",φφ⊕,https://freesound.org/people/Luzanne0/sounds/445333,http://creativecommons.org/licenses/by-nc/3.0/
298288,"multisample, single-note, synthesizer, Korg-Z1, midi-note-90, F6",φφ↻,https://freesound.org/people/modularsamples/sounds/298288,http://creativecommons.org/publicdomain/zero/1.0/
7989,"chair, crack, field-recording, plastic",φ,https://freesound.org/people/melack/sounds/7989,http://creativecommons.org/licenses/by/3.0/
238865,"Flick, Clamp, Clank, Vibration, Vibe, Vibrate, Twang, Whack",φ,https://freesound.org/people/EagleStealthTeam/sounds/238865,http://creativecommons.org/publicdomain/zero/1.0/
34290,"noise, not-art, psycho, screaming, stupid, very-embarrassing-recordings, vocal, yelling",⊖◯φ⊕,https://freesound.org/people/hello_flowers/sounds/34290,http://creativecommons.org/publicdomain/zero/1.0/
53956,"groove, guitar, heavy, metal, rock, thrash",φ↻φ,https://freesound.org/people/REVEREND.BLACK/sounds/53956,http://creativecommons.org/licenses/by/3.0/
56216,"spiccato, violin",φ↻,https://freesound.org/people/ldk1609/sounds/56216,http://creativecommons.org/publicdomain/zero/1.0/
357195,"scale, neumann-U87, Dnatural, clarinet, minor, good-sounds",φ,https://freesound.org/people/MTG/sounds/357195,http://creativecommons.org/licenses/by/3.0/
374434,"midi-note-52, vsco-2, multisample, spiccato, viola-section, viola, midi-velocity-95, single-note, strings, e3",φφ↻,https://freesound.org/people/Samulis/sounds/374434,http://creativecommons.org/publicdomain/zero/1.0/
109988,"dadead, dsus2, guitar, instrument, multisample, string",φ↻φ,https://freesound.org/people/Keider/sounds/109988,http://creativecommons.org/licenses/by-nc/3.0/
26555,"clap, roland, tr-909",φ,https://freesound.org/people/altemark/sounds/26555,http://creativecommons.org/licenses/by/3.0/
23822,"bass, clarinet, slap",φ,https://freesound.org/people/loofa/sounds/23822,http://creativecommons.org/licenses/by-nc/3.0/
292828,"multisample, single-note, synthesizer, Korg-Mono-Poly, midi-note-57, A3",φφ↻,https://freesound.org/people/modularsamples/sounds/292828,http://creativecommons.org/publicdomain/zero/1.0/
64183,"bubble, field-recording, glug, hydrophone, submerged, underwater, water",φ◯∆,https://freesound.org/people/NoiseCollector/sounds/64183,http://creativecommons.org/licenses/by/3.0/
339341,"magic, film-production, Chinese, mystic, flute, Dizi, solo-flute, bamboo",φ,https://freesound.org/people/CarlosCarty/sounds/339341,http://creativecommons.org/publicdomain/zero/1.0/
496989,"bass-clarinet, multiphonic, transformation",φ,https://freesound.org/people/PhonosUPF/sounds/496989,http://creativecommons.org/publicdomain/zero/1.0/
236403,"Malcolm-Ingram, English, male, letters, female, Daniel-Feyer, alphabet, puzzle, solving, Celia-Madeoy, mtc500-m002-s14, Brian-Cimmet, crossword, Doug-Peterson, speech, words, whisper, voice, mumble, gridplay, Stanley-Newman",φφ⊕,https://freesound.org/people/bcimmet/sounds/236403,http://creativecommons.org/licenses/by/3.0/
259512,"Short, cough, man",φ,https://freesound.org/people/fattirewhitey/sounds/259512,http://creativecommons.org/publicdomain/zero/1.0/
247542,"cello, C3, single-note, good-sounds, multisample, neumann-U87",φ,https://freesound.org/people/MTG/sounds/247542,http://creativecommons.org/licenses/by/3.0/
372906,"flute, foreign, instrument, woodwind, ambient, recorder, reverb, effects",φ⊖◯,https://freesound.org/people/fellen/sounds/372906,http://creativecommons.org/licenses/by-nc/3.0/
92171,"13x3, beyer, drum, dynamic, m201, multi, pearl, piccolo, sample, sandyrb, snare, steel, velocity",⊕⇒φ,https://freesound.org/people/sandyrb/sounds/92171,http://creativecommons.org/licenses/by/3.0/
322241,"Peanut, drop, small-object",φ,https://freesound.org/people/DarkOrochi/sounds/322241,http://creativecommons.org/licenses/by/3.0/
201669,"training, shootout, police, warfare, combat, Army, AK47, gunfire, SWAT, Assault, firearms, Rifle, military, war, firefight",φ,https://freesound.org/people/Frankie01234/sounds/201669,http://creativecommons.org/publicdomain/zero/1.0/
327415,"squeaky, floor, wood, tiled, squeak, OWI, chair, dragging, furniture",φ,https://freesound.org/people/KamilNaidoo23/sounds/327415,http://creativecommons.org/licenses/by-nc/3.0/
355025,"good-sounds, scale, Cmajor, flute, neumann-U87",φ,https://freesound.org/people/MTG/sounds/355025,http://creativecommons.org/licenses/by/3.0/
179312,"inhale, pig, sniff, snort, nose, grunt, blocked",φ,https://freesound.org/people/simonjeffery13/sounds/179312,http://creativecommons.org/publicdomain/zero/1.0/
528683,"hit, metal, pot, pots, percussion, kitchen",φ⊕⇒,https://freesound.org/people/KJose/sounds/528683,http://creativecommons.org/publicdomain/zero/1.0/
354566,"good-sounds, single-note, E4, multisample, neumann-U87, flute",φ,https://freesound.org/people/MTG/sounds/354566,http://creativecommons.org/licenses/by/3.0/
504174,"jackhammer, tool, harmonics, machine-sounds",φ,https://freesound.org/people/rabbydaw/sounds/504174,http://creativecommons.org/publicdomain/zero/1.0/
379236,"squeak, bm700, toy, dog",φ,https://freesound.org/people/tix99/sounds/379236,http://creativecommons.org/publicdomain/zero/1.0/
254058,"coffee, roster, crackle, pop, cooling, beans, roasting, barrel",φ,https://freesound.org/people/ptormey/sounds/254058,http://creativecommons.org/licenses/by-nc/3.0/
365670,"clipping, cut, person, scissor, percussion, Paper, scissors, OWI",⊕⇒φ,https://freesound.org/people/BiancaBothaPure/sounds/365670,http://creativecommons.org/licenses/by-nc/3.0/
496817,"resonance, piano, transformation",φ↻,https://freesound.org/people/PhonosUPF/sounds/496817,http://creativecommons.org/publicdomain/zero/1.0/
539132,"dslr, canon, shutter, camera, mechanic, mirror, release",φ,https://freesound.org/people/ristooooo1/sounds/539132,http://creativecommons.org/publicdomain/zero/1.0/
445997,"farting, poot, fart, gas, Diarrhea, flatulence, poo, cartoon, goo, splat, slime",φ,https://freesound.org/people/Breviceps/sounds/445997,http://creativecommons.org/publicdomain/zero/1.0/
23929,"bow, erhu, string, violin",φ↻,https://freesound.org/people/ricemutt/sounds/23929,http://creativecommons.org/licenses/sampling+/1.0/
239387,"pencil, scratch, scrape, paper, cardboard, scribble",φ,https://freesound.org/people/hubertmichel/sounds/239387,http://creativecommons.org/licenses/by/3.0/
10800,"breath, davood, extended, rumble, technique, trumpet",φ,https://freesound.org/people/batchku/sounds/10800,http://creativecommons.org/publicdomain/zero/1.0/
118106,"down, footsteps, hardwood, male, medium, shoes, speed, stairs, up, walking",φ,https://freesound.org/people/Ndheger/sounds/118106,http://creativecommons.org/licenses/by/3.0/
101571,"alert, audio, ball, big, bizarre, cd, cell, compact, contact, converters, cool, cup, dark, design, disc, dream, dreamlike, echo, edit, enormous, evil, frontier, gigantic, group, hand, hands, huge, impact, impulse, industrial, knife, metal, mic, microphone, mobile, monster, npng, phone, ping, plastic, pocket, pong, preamp, pro, psychedelic, response, reverb, ring, rub, rubbed, stand, strike, struck, technica, telephone, tools, unearthly, vibrate, vibrating, weird",φ,https://freesound.org/people/sandyrb/sounds/101571,http://creativecommons.org/licenses/by/3.0/
247559,"F4, cello, single-note, good-sounds, multisample, neumann-U87",φ,https://freesound.org/people/MTG/sounds/247559,http://creativecommons.org/licenses/by/3.0/
179070,"Drops, drop, dj, less, DROP, free, High, radio, FREE, jingle, DJ, Dj, drops, Quality",φ,https://freesound.org/people/pinarello18/sounds/179070,http://creativecommons.org/publicdomain/zero/1.0/
349405,"kids, yard, kindergarten, playground, outdoors, court, children",φ,https://freesound.org/people/pechenyshki/sounds/349405,http://creativecommons.org/publicdomain/zero/1.0/
535259,"Belch, Gas, Burp, Gross",φ,https://freesound.org/people/Alexadiaz12/sounds/535259,http://creativecommons.org/publicdomain/zero/1.0/
247349,"single-note, trumpet, good-sounds, multisample, G4, neumann-U87",φ,https://freesound.org/people/MTG/sounds/247349,http://creativecommons.org/licenses/by/3.0/
220859,"we, voice, beat, drop, male, fat, beats, vocal, need, beatz, speak",φ⊕φ,https://freesound.org/people/mickmon/sounds/220859,http://creativecommons.org/licenses/by-nc/3.0/
760,"acoustic, fragment, saxophone",φ,https://freesound.org/people/elmomo/sounds/760,http://creativecommons.org/licenses/by-nc/3.0/
214998,"gong, pacik, indonesia, sumatra, talempong, minang, bells",φ,https://freesound.org/people/ixnixnixn/sounds/214998,http://creativecommons.org/publicdomain/zero/1.0/
398264,"DJ, FREE, VO, mix, radio, Dj, Drops, Quality, mixshow",φ,https://freesound.org/people/kennysvoice/sounds/398264,http://creativecommons.org/publicdomain/zero/1.0/
554575,"drumandbass, drum, dnb, drumnbass, loop, drums, snare, kick",⊕⇒φ,https://freesound.org/people/AquaDoesStuff/sounds/554575,http://creativecommons.org/publicdomain/zero/1.0/
243335,"voice, experimental, sfx",φ⊕φ,https://freesound.org/people/deleted_user_2195044/sounds/243335,http://creativecommons.org/publicdomain/zero/1.0/
