{
  "multisample": {
    "glyph_phrase": "φ",
    "source_count": 145
  },
  "single-note": {
    "glyph_phrase": "φ",
    "source_count": 111
  },
  "good-sounds": {
    "glyph_phrase": "φ",
    "source_count": 81
  },
  "neumann-u87": {
    "glyph_phrase": "φ",
    "source_count": 81
  },
  "voice": {
    "glyph_phrase": "φ⊕",
    "source_count": 57
  },
  "clarinet": {
    "glyph_phrase": "φ",
    "source_count": 51
  },
  "flute": {
    "glyph_phrase": "φ",
    "source_count": 49
  },
  "loop": {
    "glyph_phrase": "φ",
    "source_count": 43
  },
  "field-recording": {
    "glyph_phrase": "φ",
    "source_count": 42
  },
  "strings": {
    "glyph_phrase": "φ↻",
    "source_count": 41
  },
  "sound": {
    "glyph_phrase": "φ",
    "source_count": 39
  },
  "drum": {
    "glyph_phrase": "⊕⇒",
    "source_count": 37
  },
  "male": {
    "glyph_phrase": "φ",
    "source_count": 36
  },
  "synth": {
    "glyph_phrase": "φ↻",
    "source_count": 36
  },
  "metal": {
    "glyph_phrase": "φ",
    "source_count": 36
  },
  "synthesizer": {
    "glyph_phrase": "φ↻",
    "source_count": 33
  },
  "violin": {
    "glyph_phrase": "φ↻",
    "source_count": 31
  },
  "piano": {
    "glyph_phrase": "φ↻",
    "source_count": 29
  },
  "wood": {
    "glyph_phrase": "φ",
    "source_count": 29
  },
  "speech": {
    "glyph_phrase": "φ⊕",
    "source_count": 29
  },
  "electronic": {
    "glyph_phrase": "φ",
    "source_count": 29
  },
  "bass": {
    "glyph_phrase": "φ",
    "source_count": 27
  },
  "sample": {
    "glyph_phrase": "φ",
    "source_count": 27
  },
  "scale": {
    "glyph_phrase": "φ",
    "source_count": 27
  },
  "guitar": {
    "glyph_phrase": "φ↻",
    "source_count": 27
  },
  "noise": {
    "glyph_phrase": "⊖◯",
    "source_count": 26
  },
  "hit": {
    "glyph_phrase": "φ",
    "source_count": 26
  },
  "owi": {
    "glyph_phrase": "φ",
    "source_count": 25
  },
  "man": {
    "glyph_phrase": "φ",
    "source_count": 25
  },
  "percussion": {
    "glyph_phrase": "⊕⇒",
    "source_count": 25
  },
  "vocal": {
    "glyph_phrase": "φ⊕",
    "source_count": 25
  },
  "sfx": {
    "glyph_phrase": "φ",
    "source_count": 24
  },
  "instrument": {
    "glyph_phrase": "φ",
    "source_count": 24
  },
  "vsco-2": {
    "glyph_phrase": "φ",
    "source_count": 24
  },
  "human": {
    "glyph_phrase": "φ",
    "source_count": 24
  },
  "electric": {
    "glyph_phrase": "φ",
    "source_count": 24
  },
  "paper": {
    "glyph_phrase": "φ",
    "source_count": 22
  },
  "trumpet": {
    "glyph_phrase": "φ",
    "source_count": 21
  },
  "reverb": {
    "glyph_phrase": "φ",
    "source_count": 21
  },
  "friction": {
    "glyph_phrase": "φ",
    "source_count": 20
  },
  "foley": {
    "glyph_phrase": "φ",
    "source_count": 20
  },
  "music": {
    "glyph_phrase": "φ",
    "source_count": 20
  },
  "water": {
    "glyph_phrase": "◯∆",
    "source_count": 19
  },
  "drums": {
    "glyph_phrase": "⊕⇒",
    "source_count": 19
  },
  "snare": {
    "glyph_phrase": "⊕⇒",
    "source_count": 19
  },
  "idiophone": {
    "glyph_phrase": "φ",
    "source_count": 18
  },
  "daxophone": {
    "glyph_phrase": "φ",
    "source_count": 18
  },
  "female": {
    "glyph_phrase": "φ",
    "source_count": 18
  },
  "velocity": {
    "glyph_phrase": "φ",
    "source_count": 18
  },
  "woodwind": {
    "glyph_phrase": "⊖◯",
    "source_count": 18
  }
}