{
  "units": {
    "dx_m": 1e-08,
    "dt_s": 2e-10
  },
  "constants_used": {
    "h_Js": 6.626,
    "hbar_Js": 1.054,
    "e_C": 1.602,
    "kB_J_per_K": 1.38,
    "c_m_per_s": 299.0,
    "me_kg": 9.109,
    "mp_kg": 1.672,
    "m_alpha_kg": 6.644,
    "hartree_J": 4.359,
    "hartree_eV": 27.211,
    "rydberg_eV": 13.605
  },
  "scales": [
    {
      "mass_tag": "m_e",
      "m_eff_kg": 9.109,
      "omega0_1_per_s": 1157097376221319.5,
      "f0_Hz": 184157767064285.53,
      "E0_J": 1219580634537270.8,
      "E0_eV": 761286288724888.1,
      "T0_K": 883754082998022.4,
      "sigma_dt": 231419.47524426391,
      "v_grid_m_per_s": 50.0,
      "lambda_deBroglie_m": 0.014548248984520805
    },
    {
      "mass_tag": "100_m_e",
      "m_eff_kg": 910.9,
      "omega0_1_per_s": 11570973762213.195,
      "f0_Hz": 1841577670642.8552,
      "E0_J": 12195806345372.709,
      "E0_eV": 7612862887248.882,
      "T0_K": 8837540829980.225,
      "sigma_dt": 2314.194752442639,
      "v_grid_m_per_s": 50.0,
      "lambda_deBroglie_m": 0.00014548248984520804
    },
    {
      "mass_tag": "m_p",
      "m_eff_kg": 1.672,
      "omega0_1_per_s": 6303827751196172.0,
      "f0_Hz": 1003285347002737.4,
      "E0_J": 6644234449760766.0,
      "E0_eV": 4147462203346295.5,
      "T0_K": 4814662644754179.0,
      "sigma_dt": 1260765.5502392345,
      "v_grid_m_per_s": 50.0,
      "lambda_deBroglie_m": 0.07925837320574164
    },
    {
      "mass_tag": "m_alpha",
      "m_eff_kg": 6.644,
      "omega0_1_per_s": 1586393738711619.2,
      "f0_Hz": 252482405205986.84,
      "E0_J": 1672059000602046.8,
      "E0_eV": 1043732210113637.1,
      "T0_K": 1211636956958005.0,
      "sigma_dt": 317278.74774232385,
      "v_grid_m_per_s": 50.0,
      "lambda_deBroglie_m": 0.019945815773630346
    }
  ],
  "notes": [
    "\u03c90 = \u0127 / (m_eff dx^2), E0 = \u0127 \u03c90, T0 = E0 / kB.",
    "\u03c3 = dt \u00b7 \u03c90 indicates the per-step phase advance; keeping \u03c3 << 1 favors stability.",
    "v_grid = dx / dt is a crude characteristic velocity; \u03bb_db = h / (m_eff v_grid).",
    "Choose m_eff to target desired physical regime: m_e (electronic), 100 m_e (heavy effective mass), m_p (protonic), m_alpha (helium nucleus)."
  ]
}