name,value,unit,desc
constants_SI.c,299792458.0,m s^-1,speed of light (exact)
constants_SI.h,6.62607015e-34,J s,Planck constant (exact)
constants_SI.hbar,1.054571817e-34,J s,reduced Planck constant
constants_SI.k_B,1.380649e-23,J K^-1,Boltzmann constant (exact)
constants_SI.G,6.6743e-11,m^3 kg^-1 s^-2,Newtonian constant of gravitation
constants_SI.e,1.602176634e-19,C,elementary charge (exact)
constants_SI.epsilon_0,8.854187817620389e-12,F m^-1,vacuum permittivity
constants_SI.mu_0,1.25663706212e-06,N A^-2,vacuum permeability
constants_SI.alpha,0.0072973525693,dimensionless,fine-structure constant
constants_SI.m_e,9.1093837015e-31,kg,electron mass
constants_SI.m_p,1.67262192369e-27,kg,proton mass
constants_SI.m_n,1.67492749804e-27,kg,neutron mass
constants_SI.Na,6.02214076e+23,mol^-1,Avogadro constant (exact)
constants_SI.Rydberg,10973731.56816,m^-1,Rydberg constant
conversions.hbar_c,197.32698033839645,MeV fm,ħ c (natural units bridge)
conversions.MeV_to_J,1.6021766339999998e-13,J MeV^-1,energy conversion
conversions.J_to_MeV,6241509074460.764,MeV J^-1,energy conversion
conversions.fm_to_m,1e-15,m fm^-1,length conversion
conversions.m_to_fm,1000000000000000.0,fm m^-1,length conversion
planck_units.l_P,1.61625502392855e-35,m,Planck length
planck_units.t_P,5.391246446661944e-44,s,Planck time
planck_units.E_P_J,1956081636.0991087,J,Planck energy (J)
planck_units.E_P_MeV,1.2208901282098645e+22,MeV,Planck energy (MeV)
