[
  {
    "particle": "electron",
    "symbol": "\u2296",
    "charge": -1,
    "mass_MeV": 0.511,
    "spin": 0.5,
    "glyph_role": "energy_dissipation",
    "dynamics": "Reduces coherence amplitude, radiates energy"
  },
  {
    "particle": "photon",
    "symbol": "\u2295",
    "charge": 0,
    "mass_MeV": 0.0,
    "spin": 1,
    "glyph_role": "energy_injection",
    "dynamics": "Adds coherence energy; propagates phase"
  },
  {
    "particle": "Z boson",
    "symbol": "\ud83c\udf00",
    "charge": 0,
    "mass_MeV": 91187.6,
    "spin": 1,
    "glyph_role": "neutral_transition",
    "dynamics": "Triggers symmetry transitions; decay anchor"
  },
  {
    "particle": "neutrino",
    "symbol": "\u25ef",
    "charge": 0,
    "mass_MeV": 1.0,
    "spin": 0.5,
    "glyph_role": "entropy_channel",
    "dynamics": "Preserves coherence during collapse; invisible energy"
  },
  {
    "particle": "gluon",
    "symbol": "\u21bb",
    "charge": 0,
    "mass_MeV": 0.0,
    "spin": 1,
    "glyph_role": "curvature_twist",
    "dynamics": "Mediates confinement; alters local geometry"
  }
]