{
  "version": "v3.8",
  "data_paths": {
    "sim_field": "sim_output_theta.npz",
    "sim_field_full": "sim_output_full_64.npz",
    "cern_reference": "cern_reference_fields.npz",
    "fusion_constants": "nist_atomic_nuclear_constants_subset.json",
    "glyph_mapping": "ARCA23K_tag_glyph_mapping.json"
  },
  "solver": {
    "method": "spectral",
    "stepper": "IMEX",
    "use_amr": true,
    "precision": "mixed",
    "adaptive_beta_gamma": true,
    "use_fusion_lookup": true
  },
  "pde_terms": {
    "include_R_theta": true,
    "include_lambda_grad_theta2": true,
    "include_mu_theta4": true,
    "include_alpha_rho_grad_theta": true,
    "include_kappa_laplacian_T": true,
    "include_Sf_dynamic": true
  },
  "symbolic": {
    "enable_glyph_emission": true,
    "enforce_legality_gates": true,
    "require_prime_index_time": true,
    "echo_alignment_required": true
  },
  "output": {
    "telemetry_file": "calibration_metrics.json",
    "spectrum_plot": "spectrum_comparison.png",
    "log_level": "INFO"
  }
}