[
  {
    "particle": "electron",
    "symbol": "\u2296",
    "charge": -1,
    "mass_MeV": 0.511,
    "spin": 0.5,
    "glyph_role": "energy_dissipation",
    "dynamics": "Reduces coherence amplitude, radiates energy"
  },
  {
    "particle": "photon",
    "symbol": "\u2295",
    "charge": 0,
    "mass_MeV": 0.0,
    "spin": 1,
    "glyph_role": "energy_injection",
    "dynamics": "Adds coherence energy; propagates phase"
  },
  {
    "particle": "Z boson",
    "symbol": "\ud83c\udf00",
    "charge": 0,
    "mass_MeV": 91187.6,
    "spin": 1,
    "glyph_role": "neutral_transition",
    "dynamics": "Triggers symmetry transitions; decay anchor"
  },
  {
    "particle": "neutrino",
    "symbol": "\u25ef",
    "charge": 0,
    "mass_MeV": 1.0,
    "spin": 0.5,
    "glyph_role": "entropy_channel",
    "dynamics": "Preserves coherence during collapse; invisible energy"
  },
  {
    "particle": "gluon",
    "symbol": "\u21bb",
    "charge": 0,
    "mass_MeV": 0.0,
    "spin": 1,
    "glyph_role": "curvature_twist",
    "dynamics": "Mediates confinement; alters local geometry"
  },
  {
    "particle": "W\u207a boson",
    "symbol": "\u26a1",
    "charge": 1,
    "mass_MeV": 80379.0,
    "spin": 1,
    "glyph_role": "charged_transition_plus",
    "dynamics": "Mediates weak interaction; triggers charged phase flips"
  },
  {
    "particle": "W\u207b boson",
    "symbol": "\u26a1",
    "charge": -1,
    "mass_MeV": 80379.0,
    "spin": 1,
    "glyph_role": "charged_transition_minus",
    "dynamics": "Mediates weak interaction; triggers charged phase flips"
  },
  {
    "particle": "Higgs boson",
    "symbol": "\u2300",
    "charge": 0,
    "mass_MeV": 125090.0,
    "spin": 0,
    "glyph_role": "mass_activation",
    "dynamics": "Initiates mass formation via symmetry breaking"
  },
  {
    "particle": "up quark",
    "symbol": "u",
    "charge": 0.6666666666666666,
    "mass_MeV": 2.2,
    "spin": 0.5,
    "glyph_role": "emergent_structure",
    "dynamics": "Forms protons/neutrons; coherence node builder"
  },
  {
    "particle": "down quark",
    "symbol": "d",
    "charge": -0.3333333333333333,
    "mass_MeV": 4.7,
    "spin": 0.5,
    "glyph_role": "emergent_structure",
    "dynamics": "Stabilizes baryonic coherence; coherence node modifier"
  },
  {
    "particle": "strange quark",
    "symbol": "s",
    "charge": -0.3333333333333333,
    "mass_MeV": 96.0,
    "spin": 0.5,
    "glyph_role": "flavor_variant",
    "dynamics": "Adds flavor variation; coherence decay anchor"
  },
  {
    "particle": "charm quark",
    "symbol": "c",
    "charge": 0.6666666666666666,
    "mass_MeV": 1270.0,
    "spin": 0.5,
    "glyph_role": "heavy_flavor_builder",
    "dynamics": "Initiates high-energy glyph cascades"
  },
  {
    "particle": "bottom quark",
    "symbol": "b",
    "charge": -0.3333333333333333,
    "mass_MeV": 4180.0,
    "spin": 0.5,
    "glyph_role": "deep_node_modifier",
    "dynamics": "Activates deep coherence wells"
  },
  {
    "particle": "top quark",
    "symbol": "t",
    "charge": 0.6666666666666666,
    "mass_MeV": 173100.0,
    "spin": 0.5,
    "glyph_role": "massive_coherence_source",
    "dynamics": "Triggers rapid glyph emission and decay"
  }
]