{
  "A_baseline": {
    "label": "A_baseline",
    "g": 0.0,
    "Gamma": 0.0,
    "tile_n": 32,
    "steps": 128,
    "Psi0_norm": 0.9999999999999998,
    "PsiT_norm": 0.9999999999999967,
    "relative_norm_drift": -3.108624468950439e-15,
    "runtime_ms": 518.826544999996
  },
  "B_nonlinear": {
    "label": "B_nonlinear",
    "g": 0.8,
    "Gamma": 0.0,
    "tile_n": 32,
    "steps": 128,
    "Psi0_norm": 0.9999999999999998,
    "PsiT_norm": 0.9999999999999964,
    "relative_norm_drift": -3.3306690738754704e-15,
    "runtime_ms": 499.461421999996
  },
  "C_damped": {
    "label": "C_damped",
    "g": 0.0,
    "Gamma": 0.02,
    "tile_n": 32,
    "steps": 128,
    "Psi0_norm": 0.9999999999999998,
    "PsiT_norm": 0.9026684120809517,
    "relative_norm_drift": -0.09733158791904808,
    "runtime_ms": 509.296073999991
  },
  "D_nl_damped": {
    "label": "D_nl_damped",
    "g": 0.8,
    "Gamma": 0.02,
    "tile_n": 32,
    "steps": 128,
    "Psi0_norm": 0.9999999999999998,
    "PsiT_norm": 0.9026684120809512,
    "relative_norm_drift": -0.09733158791904864,
    "runtime_ms": 527.0128690000035
  },
  "E_baseline_tile64": {
    "label": "E_baseline_tile64",
    "g": 0.0,
    "Gamma": 0.0,
    "tile_n": 64,
    "steps": 128,
    "Psi0_norm": 0.9999999999999998,
    "PsiT_norm": 0.9999999999999928,
    "relative_norm_drift": -6.994405055138488e-15,
    "runtime_ms": 307.3816139999792
  }
}