[
  {
    "Name":"alpha particle-electron mass ratio",
    "Value":"7294.299 541 71          0.000 000 17",
    "Uncertainty_or_Exact":"",
    "Unit":""
  },
  {
    "Name":"alpha particle mass",
    "Value":"6.644 657 3450 e-27",
    "Uncertainty_or_Exact":"0.000 000 0021 e-27",
    "Unit":"kg"
  },
  {
    "Name":"alpha particle mass energy equivalent",
    "Value":"5.971 920 1997 e-10",
    "Uncertainty_or_Exact":"0.000 000 0019 e-10",
    "Unit":"J"
  },
  {
    "Name":"alpha particle mass energy equivalent in MeV",
    "Value":"3727.379 4118            0.000 0012",
    "Uncertainty_or_Exact":"",
    "Unit":"MeV"
  },
  {
    "Name":"alpha particle mass in u",
    "Value":"4.001 506 179 129        0.000 000 000 062",
    "Uncertainty_or_Exact":"",
    "Unit":"u"
  },
  {
    "Name":"alpha particle molar mass",
    "Value":"4.001 506 1833 e-3",
    "Uncertainty_or_Exact":"0.000 000 0012 e-3",
    "Unit":"kg mol^-1"
  },
  {
    "Name":"alpha particle-proton mass ratio",
    "Value":"3.972 599 690 252        0.000 000 000 070",
    "Uncertainty_or_Exact":"",
    "Unit":""
  },
  {
    "Name":"alpha particle relative atomic mass",
    "Value":"4.001 506 179 129        0.000 000 000 062",
    "Uncertainty_or_Exact":"",
    "Unit":""
  },
  {
    "Name":"alpha particle rms charge radius",
    "Value":"1.6785 e-15",
    "Uncertainty_or_Exact":"0.0021 e-15",
    "Unit":"m"
  },
  {
    "Name":"Angstrom star",
    "Value":"1.000 014 95 e-10",
    "Uncertainty_or_Exact":"0.000 000 90 e-10",
    "Unit":"m"
  },
  {
    "Name":"atomic mass constant",
    "Value":"1.660 539 068 92 e-27",
    "Uncertainty_or_Exact":"0.000 000 000 52 e-27",
    "Unit":"kg"
  },
  {
    "Name":"atomic mass constant energy equivalent",
    "Value":"1.492 418 087 68 e-10",
    "Uncertainty_or_Exact":"0.000 000 000 46 e-10",
    "Unit":"J"
  },
  {
    "Name":"atomic mass constant energy equivalent in MeV",
    "Value":"931.494 103 72           0.000 000 29",
    "Uncertainty_or_Exact":"",
    "Unit":"MeV"
  },
  {
    "Name":"atomic mass unit-electron volt relationship",
    "Value":"9.314 941 0372 e8",
    "Uncertainty_or_Exact":"0.000 000 0029 e8",
    "Unit":"eV"
  },
  {
    "Name":"atomic mass unit-hartree relationship",
    "Value":"3.423 177 6922 e7",
    "Uncertainty_or_Exact":"0.000 000 0011 e7",
    "Unit":"E_h"
  },
  {
    "Name":"atomic mass unit-hertz relationship",
    "Value":"2.252 342 721 85 e23",
    "Uncertainty_or_Exact":"0.000 000 000 70 e23",
    "Unit":"Hz"
  },
  {
    "Name":"atomic mass unit-inverse meter relationship",
    "Value":"7.513 006 6209 e14",
    "Uncertainty_or_Exact":"0.000 000 0023 e14",
    "Unit":"m^-1"
  },
  {
    "Name":"atomic mass unit-joule relationship",
    "Value":"1.492 418 087 68 e-10",
    "Uncertainty_or_Exact":"0.000 000 000 46 e-10",
    "Unit":"J"
  },
  {
    "Name":"atomic mass unit-kelvin relationship",
    "Value":"1.080 954 020 67 e13",
    "Uncertainty_or_Exact":"0.000 000 000 34 e13",
    "Unit":"K"
  },
  {
    "Name":"atomic mass unit-kilogram relationship",
    "Value":"1.660 539 068 92 e-27",
    "Uncertainty_or_Exact":"0.000 000 000 52 e-27",
    "Unit":"kg"
  },
  {
    "Name":"atomic unit of 1st hyperpolarizability",
    "Value":"3.206 361 2996 e-53",
    "Uncertainty_or_Exact":"0.000 000 0015 e-53",
    "Unit":"C^3 m^3 J^-2"
  },
  {
    "Name":"atomic unit of 2nd hyperpolarizability",
    "Value":"6.235 379 9735 e-65",
    "Uncertainty_or_Exact":"0.000 000 0039 e-65",
    "Unit":"C^4 m^4 J^-3"
  },
  {
    "Name":"atomic unit of action",
    "Value":"1.054 571 817... e-34",
    "Uncertainty_or_Exact":"(exact)",
    "Unit":"J s"
  },
  {
    "Name":"atomic unit of charge",
    "Value":"1.602 176 634 e-19",
    "Uncertainty_or_Exact":"(exact)",
    "Unit":"C"
  },
  {
    "Name":"atomic unit of charge density",
    "Value":"1.081 202 386 77 e12",
    "Uncertainty_or_Exact":"0.000 000 000 51 e12",
    "Unit":"C m^-3"
  },
  {
    "Name":"atomic unit of current",
    "Value":"6.623 618 237 5082 e-3",
    "Uncertainty_or_Exact":"0.000 000 000 0072 e-3",
    "Unit":"A"
  },
  {
    "Name":"atomic unit of electric dipole mom.",
    "Value":"8.478 353 6198 e-30",
    "Uncertainty_or_Exact":"0.000 000 0013 e-30",
    "Unit":"C m"
  },
  {
    "Name":"atomic unit of electric field",
    "Value":"5.142 206 751 12 e11",
    "Uncertainty_or_Exact":"0.000 000 000 80 e11",
    "Unit":"V m^-1"
  },
  {
    "Name":"atomic unit of electric field gradient",
    "Value":"9.717 362 4424 e21",
    "Uncertainty_or_Exact":"0.000 000 0030 e21",
    "Unit":"V m^-2"
  },
  {
    "Name":"atomic unit of electric polarizability",
    "Value":"1.648 777 272 12 e-41",
    "Uncertainty_or_Exact":"0.000 000 000 51 e-41",
    "Unit":"C^2 m^2 J^-1"
  },
  {
    "Name":"atomic unit of electric potential",
    "Value":"27.211 386 245 981       0.000 000 000 030",
    "Uncertainty_or_Exact":"",
    "Unit":"V"
  },
  {
    "Name":"atomic unit of electric quadrupole mom.",
    "Value":"4.486 551 5185 e-40",
    "Uncertainty_or_Exact":"0.000 000 0014 e-40",
    "Unit":"C m^2"
  },
  {
    "Name":"atomic unit of energy",
    "Value":"4.359 744 722 2060 e-18",
    "Uncertainty_or_Exact":"0.000 000 000 0048 e-18",
    "Unit":"J"
  },
  {
    "Name":"atomic unit of force",
    "Value":"8.238 723 5038 e-8",
    "Uncertainty_or_Exact":"0.000 000 0013 e-8",
    "Unit":"N"
  },
  {
    "Name":"atomic unit of length",
    "Value":"5.291 772 105 44 e-11",
    "Uncertainty_or_Exact":"0.000 000 000 82 e-11",
    "Unit":"m"
  },
  {
    "Name":"atomic unit of mag. dipole mom.",
    "Value":"1.854 802 013 15 e-23",
    "Uncertainty_or_Exact":"0.000 000 000 58 e-23",
    "Unit":"J T^-1"
  },
  {
    "Name":"atomic unit of mag. flux density",
    "Value":"2.350 517 570 77 e5",
    "Uncertainty_or_Exact":"0.000 000 000 73 e5",
    "Unit":"T"
  },
  {
    "Name":"atomic unit of magnetizability",
    "Value":"7.891 036 5794 e-29",
    "Uncertainty_or_Exact":"0.000 000 0049 e-29",
    "Unit":"J T^-2"
  },
  {
    "Name":"atomic unit of mass",
    "Value":"9.109 383 7139 e-31",
    "Uncertainty_or_Exact":"0.000 000 0028 e-31",
    "Unit":"kg"
  },
  {
    "Name":"atomic unit of momentum",
    "Value":"1.992 851 915 45 e-24",
    "Uncertainty_or_Exact":"0.000 000 000 31 e-24",
    "Unit":"kg m s^-1"
  },
  {
    "Name":"atomic unit of permittivity",
    "Value":"1.112 650 056 20 e-10",
    "Uncertainty_or_Exact":"0.000 000 000 17 e-10",
    "Unit":"F m^-1"
  },
  {
    "Name":"atomic unit of time",
    "Value":"2.418 884 326 5864 e-17",
    "Uncertainty_or_Exact":"0.000 000 000 0026 e-17",
    "Unit":"s"
  },
  {
    "Name":"atomic unit of velocity",
    "Value":"2.187 691 262 16 e6",
    "Uncertainty_or_Exact":"0.000 000 000 34 e6",
    "Unit":"m s^-1"
  },
  {
    "Name":"Avogadro constant",
    "Value":"6.022 140 76 e23",
    "Uncertainty_or_Exact":"(exact)",
    "Unit":"mol^-1"
  },
  {
    "Name":"Bohr magneton",
    "Value":"9.274 010 0657 e-24",
    "Uncertainty_or_Exact":"0.000 000 0029 e-24",
    "Unit":"J T^-1"
  },
  {
    "Name":"Bohr magneton in eV\/T",
    "Value":"5.788 381 7982 e-5",
    "Uncertainty_or_Exact":"0.000 000 0018 e-5",
    "Unit":"eV T^-1"
  },
  {
    "Name":"Bohr magneton in Hz\/T",
    "Value":"1.399 624 491 71 e10",
    "Uncertainty_or_Exact":"0.000 000 000 44 e10",
    "Unit":"Hz T^-1"
  },
  {
    "Name":"Bohr magneton in inverse meter per tesla",
    "Value":"46.686 447 719           0.000 000 015",
    "Uncertainty_or_Exact":"",
    "Unit":"m^-1 T^-1"
  },
  {
    "Name":"Bohr magneton in K\/T",
    "Value":"0.671 713 814 72         0.000 000 000 21",
    "Uncertainty_or_Exact":"",
    "Unit":"K T^-1"
  },
  {
    "Name":"Bohr radius",
    "Value":"5.291 772 105 44 e-11",
    "Uncertainty_or_Exact":"0.000 000 000 82 e-11",
    "Unit":"m"
  },
  {
    "Name":"Boltzmann constant",
    "Value":"1.380 649 e-23",
    "Uncertainty_or_Exact":"(exact)",
    "Unit":"J K^-1"
  },
  {
    "Name":"Boltzmann constant in eV\/K",
    "Value":"8.617 333 262... e-5",
    "Uncertainty_or_Exact":"(exact)",
    "Unit":"eV K^-1"
  },
  {
    "Name":"Boltzmann constant in Hz\/K",
    "Value":"2.083 661 912... e10",
    "Uncertainty_or_Exact":"(exact)",
    "Unit":"Hz K^-1"
  },
  {
    "Name":"Boltzmann constant in inverse meter per kelvin",
    "Value":"69.503 480 04...",
    "Uncertainty_or_Exact":"(exact)",
    "Unit":"m^-1 K^-1"
  },
  {
    "Name":"characteristic impedance of vacuum",
    "Value":"376.730 313 412          0.000 000 059",
    "Uncertainty_or_Exact":"",
    "Unit":"ohm"
  },
  {
    "Name":"classical electron radius",
    "Value":"2.817 940 3205 e-15",
    "Uncertainty_or_Exact":"0.000 000 0013 e-15",
    "Unit":"m"
  },
  {
    "Name":"Compton wavelength",
    "Value":"2.426 310 235 38 e-12",
    "Uncertainty_or_Exact":"0.000 000 000 76 e-12",
    "Unit":"m"
  },
  {
    "Name":"conductance quantum",
    "Value":"7.748 091 729... e-5",
    "Uncertainty_or_Exact":"(exact)",
    "Unit":"S"
  },
  {
    "Name":"conventional value of ampere-90",
    "Value":"1.000 000 088 87...",
    "Uncertainty_or_Exact":"(exact)",
    "Unit":"A"
  },
  {
    "Name":"conventional value of coulomb-90",
    "Value":"1.000 000 088 87...",
    "Uncertainty_or_Exact":"(exact)",
    "Unit":"C"
  },
  {
    "Name":"conventional value of farad-90",
    "Value":"0.999 999 982 20...",
    "Uncertainty_or_Exact":"(exact)",
    "Unit":"F"
  },
  {
    "Name":"conventional value of henry-90",
    "Value":"1.000 000 017 79...",
    "Uncertainty_or_Exact":"(exact)",
    "Unit":"H"
  },
  {
    "Name":"conventional value of Josephson constant",
    "Value":"483 597.9 e9",
    "Uncertainty_or_Exact":"(exact)",
    "Unit":"Hz V^-1"
  },
  {
    "Name":"conventional value of ohm-90",
    "Value":"1.000 000 017 79...",
    "Uncertainty_or_Exact":"(exact)",
    "Unit":"ohm"
  },
  {
    "Name":"conventional value of volt-90",
    "Value":"1.000 000 106 66...",
    "Uncertainty_or_Exact":"(exact)",
    "Unit":"V"
  },
  {
    "Name":"conventional value of von Klitzing constant",
    "Value":"25 812.807",
    "Uncertainty_or_Exact":"(exact)",
    "Unit":"ohm"
  },
  {
    "Name":"conventional value of watt-90",
    "Value":"1.000 000 195 53...",
    "Uncertainty_or_Exact":"(exact)",
    "Unit":"W"
  },
  {
    "Name":"Copper x unit",
    "Value":"1.002 076 97 e-13",
    "Uncertainty_or_Exact":"0.000 000 28 e-13",
    "Unit":"m"
  },
  {
    "Name":"deuteron-electron mag. mom. ratio",
    "Value":"-4.664 345 550 e-4",
    "Uncertainty_or_Exact":"0.000 000 012 e-4",
    "Unit":""
  },
  {
    "Name":"deuteron-electron mass ratio",
    "Value":"3670.482 967 655         0.000 000 063",
    "Uncertainty_or_Exact":"",
    "Unit":""
  },
  {
    "Name":"deuteron g factor",
    "Value":"0.857 438 2335           0.000 000 0022",
    "Uncertainty_or_Exact":"",
    "Unit":""
  },
  {
    "Name":"deuteron mag. mom.",
    "Value":"4.330 735 087 e-27",
    "Uncertainty_or_Exact":"0.000 000 011 e-27",
    "Unit":"J T^-1"
  },
  {
    "Name":"deuteron mag. mom. to Bohr magneton ratio",
    "Value":"4.669 754 568 e-4",
    "Uncertainty_or_Exact":"0.000 000 012 e-4",
    "Unit":""
  },
  {
    "Name":"deuteron mag. mom. to nuclear magneton ratio",
    "Value":"0.857 438 2335           0.000 000 0022",
    "Uncertainty_or_Exact":"",
    "Unit":""
  },
  {
    "Name":"deuteron mass",
    "Value":"3.343 583 7768 e-27",
    "Uncertainty_or_Exact":"0.000 000 0010 e-27",
    "Unit":"kg"
  },
  {
    "Name":"deuteron mass energy equivalent",
    "Value":"3.005 063 234 91 e-10",
    "Uncertainty_or_Exact":"0.000 000 000 94 e-10",
    "Unit":"J"
  },
  {
    "Name":"deuteron mass energy equivalent in MeV",
    "Value":"1875.612 945 00          0.000 000 58",
    "Uncertainty_or_Exact":"",
    "Unit":"MeV"
  },
  {
    "Name":"deuteron mass in u",
    "Value":"2.013 553 212 544        0.000 000 000 015",
    "Uncertainty_or_Exact":"",
    "Unit":"u"
  },
  {
    "Name":"deuteron molar mass",
    "Value":"2.013 553 214 66 e-3",
    "Uncertainty_or_Exact":"0.000 000 000 63 e-3",
    "Unit":"kg mol^-1"
  },
  {
    "Name":"deuteron-neutron mag. mom. ratio",
    "Value":"-0.448 206 52            0.000 000 11",
    "Uncertainty_or_Exact":"",
    "Unit":""
  },
  {
    "Name":"deuteron-proton mag. mom. ratio",
    "Value":"0.307 012 209 30         0.000 000 000 79",
    "Uncertainty_or_Exact":"",
    "Unit":""
  },
  {
    "Name":"deuteron-proton mass ratio",
    "Value":"1.999 007 501 2699       0.000 000 000 0084",
    "Uncertainty_or_Exact":"",
    "Unit":""
  },
  {
    "Name":"deuteron relative atomic mass",
    "Value":"2.013 553 212 544        0.000 000 000 015",
    "Uncertainty_or_Exact":"",
    "Unit":""
  },
  {
    "Name":"deuteron rms charge radius",
    "Value":"2.127 78 e-15",
    "Uncertainty_or_Exact":"0.000 27 e-15",
    "Unit":"m"
  },
  {
    "Name":"electron charge to mass quotient",
    "Value":"-1.758 820 008 38 e11",
    "Uncertainty_or_Exact":"0.000 000 000 55 e11",
    "Unit":"C kg^-1"
  },
  {
    "Name":"electron-deuteron mag. mom. ratio",
    "Value":"-2143.923 4921           0.000 0056",
    "Uncertainty_or_Exact":"",
    "Unit":""
  },
  {
    "Name":"electron-deuteron mass ratio",
    "Value":"2.724 437 107 629 e-4",
    "Uncertainty_or_Exact":"0.000 000 000 047 e-4",
    "Unit":""
  },
  {
    "Name":"electron g factor",
    "Value":"-2.002 319 304 360 92    0.000 000 000 000 36",
    "Uncertainty_or_Exact":"",
    "Unit":""
  },
  {
    "Name":"electron gyromag. ratio",
    "Value":"1.760 859 627 84 e11",
    "Uncertainty_or_Exact":"0.000 000 000 55 e11",
    "Unit":"s^-1 T^-1"
  },
  {
    "Name":"electron gyromag. ratio in MHz\/T",
    "Value":"28 024.951 3861          0.000 0087",
    "Uncertainty_or_Exact":"",
    "Unit":"MHz T^-1"
  },
  {
    "Name":"electron-helion mass ratio",
    "Value":"1.819 543 074 649 e-4",
    "Uncertainty_or_Exact":"0.000 000 000 053 e-4",
    "Unit":""
  },
  {
    "Name":"electron mag. mom.",
    "Value":"-9.284 764 6917 e-24",
    "Uncertainty_or_Exact":"0.000 000 0029 e-24",
    "Unit":"J T^-1"
  },
  {
    "Name":"electron mag. mom. anomaly",
    "Value":"1.159 652 180 46 e-3",
    "Uncertainty_or_Exact":"0.000 000 000 18 e-3",
    "Unit":""
  },
  {
    "Name":"electron mag. mom. to Bohr magneton ratio",
    "Value":"-1.001 159 652 180 46    0.000 000 000 000 18",
    "Uncertainty_or_Exact":"",
    "Unit":""
  },
  {
    "Name":"electron mag. mom. to nuclear magneton ratio",
    "Value":"-1838.281 971 877        0.000 000 032",
    "Uncertainty_or_Exact":"",
    "Unit":""
  },
  {
    "Name":"electron mass",
    "Value":"9.109 383 7139 e-31",
    "Uncertainty_or_Exact":"0.000 000 0028 e-31",
    "Unit":"kg"
  },
  {
    "Name":"electron mass energy equivalent",
    "Value":"8.187 105 7880 e-14",
    "Uncertainty_or_Exact":"0.000 000 0026 e-14",
    "Unit":"J"
  },
  {
    "Name":"electron mass energy equivalent in MeV",
    "Value":"0.510 998 950 69         0.000 000 000 16",
    "Uncertainty_or_Exact":"",
    "Unit":"MeV"
  },
  {
    "Name":"electron mass in u",
    "Value":"5.485 799 090 441 e-4",
    "Uncertainty_or_Exact":"0.000 000 000 097 e-4",
    "Unit":"u"
  },
  {
    "Name":"electron molar mass",
    "Value":"5.485 799 0962 e-7",
    "Uncertainty_or_Exact":"0.000 000 0017 e-7",
    "Unit":"kg mol^-1"
  },
  {
    "Name":"electron-muon mag. mom. ratio",
    "Value":"206.766 9881             0.000 0046",
    "Uncertainty_or_Exact":"",
    "Unit":""
  },
  {
    "Name":"electron-muon mass ratio",
    "Value":"4.836 331 70 e-3",
    "Uncertainty_or_Exact":"0.000 000 11 e-3",
    "Unit":""
  },
  {
    "Name":"electron-neutron mag. mom. ratio",
    "Value":"960.920 48               0.000 23",
    "Uncertainty_or_Exact":"",
    "Unit":""
  },
  {
    "Name":"electron-neutron mass ratio",
    "Value":"5.438 673 4416 e-4",
    "Uncertainty_or_Exact":"0.000 000 0022 e-4",
    "Unit":""
  },
  {
    "Name":"electron-proton mag. mom. ratio",
    "Value":"-658.210 687 89          0.000 000 19",
    "Uncertainty_or_Exact":"",
    "Unit":""
  },
  {
    "Name":"electron-proton mass ratio",
    "Value":"5.446 170 214 889 e-4",
    "Uncertainty_or_Exact":"0.000 000 000 094 e-4",
    "Unit":""
  },
  {
    "Name":"electron relative atomic mass",
    "Value":"5.485 799 090 441 e-4",
    "Uncertainty_or_Exact":"0.000 000 000 097 e-4",
    "Unit":""
  },
  {
    "Name":"electron-tau mass ratio",
    "Value":"2.875 85 e-4",
    "Uncertainty_or_Exact":"0.000 19 e-4",
    "Unit":""
  },
  {
    "Name":"electron to alpha particle mass ratio",
    "Value":"1.370 933 554 733 e-4",
    "Uncertainty_or_Exact":"0.000 000 000 032 e-4",
    "Unit":""
  },
  {
    "Name":"electron to shielded helion mag. mom. ratio",
    "Value":"864.058 239 86           0.000 000 70",
    "Uncertainty_or_Exact":"",
    "Unit":""
  },
  {
    "Name":"electron to shielded proton mag. mom. ratio",
    "Value":"-658.227 5856            0.000 0027",
    "Uncertainty_or_Exact":"",
    "Unit":""
  },
  {
    "Name":"electron-triton mass ratio",
    "Value":"1.819 200 062 327 e-4",
    "Uncertainty_or_Exact":"0.000 000 000 068 e-4",
    "Unit":""
  },
  {
    "Name":"electron volt",
    "Value":"1.602 176 634 e-19",
    "Uncertainty_or_Exact":"(exact)",
    "Unit":"J"
  },
  {
    "Name":"electron volt-atomic mass unit relationship",
    "Value":"1.073 544 100 83 e-9",
    "Uncertainty_or_Exact":"0.000 000 000 33 e-9",
    "Unit":"u"
  },
  {
    "Name":"electron volt-hartree relationship",
    "Value":"3.674 932 217 5665 e-2",
    "Uncertainty_or_Exact":"0.000 000 000 0040 e-2",
    "Unit":"E_h"
  },
  {
    "Name":"electron volt-hertz relationship",
    "Value":"2.417 989 242... e14",
    "Uncertainty_or_Exact":"(exact)",
    "Unit":"Hz"
  },
  {
    "Name":"electron volt-inverse meter relationship",
    "Value":"8.065 543 937... e5",
    "Uncertainty_or_Exact":"(exact)",
    "Unit":"m^-1"
  },
  {
    "Name":"electron volt-joule relationship",
    "Value":"1.602 176 634 e-19",
    "Uncertainty_or_Exact":"(exact)",
    "Unit":"J"
  },
  {
    "Name":"electron volt-kelvin relationship",
    "Value":"1.160 451 812... e4",
    "Uncertainty_or_Exact":"(exact)",
    "Unit":"K"
  },
  {
    "Name":"electron volt-kilogram relationship",
    "Value":"1.782 661 921... e-36",
    "Uncertainty_or_Exact":"(exact)",
    "Unit":"kg"
  },
  {
    "Name":"elementary charge",
    "Value":"1.602 176 634 e-19",
    "Uncertainty_or_Exact":"(exact)",
    "Unit":"C"
  },
  {
    "Name":"elementary charge over h-bar",
    "Value":"1.519 267 447... e15",
    "Uncertainty_or_Exact":"(exact)",
    "Unit":"A J^-1"
  },
  {
    "Name":"Faraday constant",
    "Value":"96 485.332 12...",
    "Uncertainty_or_Exact":"(exact)",
    "Unit":"C mol^-1"
  },
  {
    "Name":"Fermi coupling constant",
    "Value":"1.166 3787 e-5",
    "Uncertainty_or_Exact":"0.000 0006 e-5",
    "Unit":"GeV^-2"
  },
  {
    "Name":"fine-structure constant",
    "Value":"7.297 352 5643 e-3",
    "Uncertainty_or_Exact":"0.000 000 0011 e-3",
    "Unit":""
  },
  {
    "Name":"first radiation constant",
    "Value":"3.741 771 852... e-16",
    "Uncertainty_or_Exact":"(exact)",
    "Unit":"W m^2"
  },
  {
    "Name":"first radiation constant for spectral radiance",
    "Value":"1.191 042 972... e-16",
    "Uncertainty_or_Exact":"(exact)",
    "Unit":"W m^2 sr^-1"
  },
  {
    "Name":"hartree-atomic mass unit relationship",
    "Value":"2.921 262 317 97 e-8",
    "Uncertainty_or_Exact":"0.000 000 000 91 e-8",
    "Unit":"u"
  },
  {
    "Name":"hartree-electron volt relationship",
    "Value":"27.211 386 245 981       0.000 000 000 030",
    "Uncertainty_or_Exact":"",
    "Unit":"eV"
  },
  {
    "Name":"Hartree energy",
    "Value":"4.359 744 722 2060 e-18",
    "Uncertainty_or_Exact":"0.000 000 000 0048 e-18",
    "Unit":"J"
  },
  {
    "Name":"Hartree energy in eV",
    "Value":"27.211 386 245 981       0.000 000 000 030",
    "Uncertainty_or_Exact":"",
    "Unit":"eV"
  },
  {
    "Name":"hartree-hertz relationship",
    "Value":"6.579 683 920 4999 e15",
    "Uncertainty_or_Exact":"0.000 000 000 0072 e15",
    "Unit":"Hz"
  },
  {
    "Name":"hartree-inverse meter relationship",
    "Value":"2.194 746 313 6314 e7",
    "Uncertainty_or_Exact":"0.000 000 000 0024 e7",
    "Unit":"m^-1"
  },
  {
    "Name":"hartree-joule relationship",
    "Value":"4.359 744 722 2060 e-18",
    "Uncertainty_or_Exact":"0.000 000 000 0048 e-18",
    "Unit":"J"
  },
  {
    "Name":"hartree-kelvin relationship",
    "Value":"3.157 750 248 0398 e5",
    "Uncertainty_or_Exact":"0.000 000 000 0034 e5",
    "Unit":"K"
  },
  {
    "Name":"hartree-kilogram relationship",
    "Value":"4.850 870 209 5419 e-35",
    "Uncertainty_or_Exact":"0.000 000 000 0053 e-35",
    "Unit":"kg"
  },
  {
    "Name":"helion-electron mass ratio",
    "Value":"5495.885 279 84          0.000 000 16",
    "Uncertainty_or_Exact":"",
    "Unit":""
  },
  {
    "Name":"helion g factor",
    "Value":"-4.255 250 6995          0.000 000 0034",
    "Uncertainty_or_Exact":"",
    "Unit":""
  },
  {
    "Name":"helion mag. mom.",
    "Value":"-1.074 617 551 98 e-26",
    "Uncertainty_or_Exact":"0.000 000 000 93 e-26",
    "Unit":"J T^-1"
  },
  {
    "Name":"helion mag. mom. to Bohr magneton ratio",
    "Value":"-1.158 740 980 83 e-3",
    "Uncertainty_or_Exact":"0.000 000 000 94 e-3",
    "Unit":""
  },
  {
    "Name":"helion mag. mom. to nuclear magneton ratio",
    "Value":"-2.127 625 3498          0.000 000 0017",
    "Uncertainty_or_Exact":"",
    "Unit":""
  },
  {
    "Name":"helion mass",
    "Value":"5.006 412 7862 e-27",
    "Uncertainty_or_Exact":"0.000 000 0016 e-27",
    "Unit":"kg"
  },
  {
    "Name":"helion mass energy equivalent",
    "Value":"4.499 539 4185 e-10",
    "Uncertainty_or_Exact":"0.000 000 0014 e-10",
    "Unit":"J"
  },
  {
    "Name":"helion mass energy equivalent in MeV",
    "Value":"2808.391 611 12          0.000 000 88",
    "Uncertainty_or_Exact":"",
    "Unit":"MeV"
  },
  {
    "Name":"helion mass in u",
    "Value":"3.014 932 246 932        0.000 000 000 074",
    "Uncertainty_or_Exact":"",
    "Unit":"u"
  },
  {
    "Name":"helion molar mass",
    "Value":"3.014 932 250 10 e-3",
    "Uncertainty_or_Exact":"0.000 000 000 94 e-3",
    "Unit":"kg mol^-1"
  },
  {
    "Name":"helion-proton mass ratio",
    "Value":"2.993 152 671 552        0.000 000 000 070",
    "Uncertainty_or_Exact":"",
    "Unit":""
  },
  {
    "Name":"helion relative atomic mass",
    "Value":"3.014 932 246 932        0.000 000 000 074",
    "Uncertainty_or_Exact":"",
    "Unit":""
  },
  {
    "Name":"helion shielding shift",
    "Value":"5.996 7029 e-5",
    "Uncertainty_or_Exact":"0.000 0023 e-5",
    "Unit":""
  },
  {
    "Name":"hertz-atomic mass unit relationship",
    "Value":"4.439 821 6590 e-24",
    "Uncertainty_or_Exact":"0.000 000 0014 e-24",
    "Unit":"u"
  },
  {
    "Name":"hertz-electron volt relationship",
    "Value":"4.135 667 696... e-15",
    "Uncertainty_or_Exact":"(exact)",
    "Unit":"eV"
  },
  {
    "Name":"hertz-hartree relationship",
    "Value":"1.519 829 846 0574 e-16",
    "Uncertainty_or_Exact":"0.000 000 000 0017 e-16",
    "Unit":"E_h"
  },
  {
    "Name":"hertz-inverse meter relationship",
    "Value":"3.335 640 951... e-9",
    "Uncertainty_or_Exact":"(exact)",
    "Unit":"m^-1"
  },
  {
    "Name":"hertz-joule relationship",
    "Value":"6.626 070 15 e-34",
    "Uncertainty_or_Exact":"(exact)",
    "Unit":"J"
  },
  {
    "Name":"hertz-kelvin relationship",
    "Value":"4.799 243 073... e-11",
    "Uncertainty_or_Exact":"(exact)",
    "Unit":"K"
  },
  {
    "Name":"hertz-kilogram relationship",
    "Value":"7.372 497 323... e-51",
    "Uncertainty_or_Exact":"(exact)",
    "Unit":"kg"
  },
  {
    "Name":"hyperfine transition frequency of Cs-133",
    "Value":"9 192 631 770",
    "Uncertainty_or_Exact":"(exact)",
    "Unit":"Hz"
  },
  {
    "Name":"inverse fine-structure constant",
    "Value":"137.035 999 177          0.000 000 021",
    "Uncertainty_or_Exact":"",
    "Unit":""
  },
  {
    "Name":"inverse meter-atomic mass unit relationship",
    "Value":"1.331 025 048 24 e-15",
    "Uncertainty_or_Exact":"0.000 000 000 41 e-15",
    "Unit":"u"
  },
  {
    "Name":"inverse meter-electron volt relationship",
    "Value":"1.239 841 984... e-6",
    "Uncertainty_or_Exact":"(exact)",
    "Unit":"eV"
  },
  {
    "Name":"inverse meter-hartree relationship",
    "Value":"4.556 335 252 9132 e-8",
    "Uncertainty_or_Exact":"0.000 000 000 0050 e-8",
    "Unit":"E_h"
  },
  {
    "Name":"inverse meter-hertz relationship",
    "Value":"299 792 458",
    "Uncertainty_or_Exact":"(exact)",
    "Unit":"Hz"
  },
  {
    "Name":"inverse meter-joule relationship",
    "Value":"1.986 445 857... e-25",
    "Uncertainty_or_Exact":"(exact)",
    "Unit":"J"
  },
  {
    "Name":"inverse meter-kelvin relationship",
    "Value":"1.438 776 877... e-2",
    "Uncertainty_or_Exact":"(exact)",
    "Unit":"K"
  },
  {
    "Name":"inverse meter-kilogram relationship",
    "Value":"2.210 219 094... e-42",
    "Uncertainty_or_Exact":"(exact)",
    "Unit":"kg"
  },
  {
    "Name":"inverse of conductance quantum",
    "Value":"12 906.403 72...",
    "Uncertainty_or_Exact":"(exact)",
    "Unit":"ohm"
  },
  {
    "Name":"Josephson constant",
    "Value":"483 597.848 4... e9",
    "Uncertainty_or_Exact":"(exact)",
    "Unit":"Hz V^-1"
  },
  {
    "Name":"joule-atomic mass unit relationship",
    "Value":"6.700 535 2471 e9",
    "Uncertainty_or_Exact":"0.000 000 0021 e9",
    "Unit":"u"
  },
  {
    "Name":"joule-electron volt relationship",
    "Value":"6.241 509 074... e18",
    "Uncertainty_or_Exact":"(exact)",
    "Unit":"eV"
  },
  {
    "Name":"joule-hartree relationship",
    "Value":"2.293 712 278 3969 e17",
    "Uncertainty_or_Exact":"0.000 000 000 0025 e17",
    "Unit":"E_h"
  },
  {
    "Name":"joule-hertz relationship",
    "Value":"1.509 190 179... e33",
    "Uncertainty_or_Exact":"(exact)",
    "Unit":"Hz"
  },
  {
    "Name":"joule-inverse meter relationship",
    "Value":"5.034 116 567... e24",
    "Uncertainty_or_Exact":"(exact)",
    "Unit":"m^-1"
  },
  {
    "Name":"joule-kelvin relationship",
    "Value":"7.242 970 516... e22",
    "Uncertainty_or_Exact":"(exact)",
    "Unit":"K"
  },
  {
    "Name":"joule-kilogram relationship",
    "Value":"1.112 650 056... e-17",
    "Uncertainty_or_Exact":"(exact)",
    "Unit":"kg"
  },
  {
    "Name":"kelvin-atomic mass unit relationship",
    "Value":"9.251 087 2884 e-14",
    "Uncertainty_or_Exact":"0.000 000 0029 e-14",
    "Unit":"u"
  },
  {
    "Name":"kelvin-electron volt relationship",
    "Value":"8.617 333 262... e-5",
    "Uncertainty_or_Exact":"(exact)",
    "Unit":"eV"
  },
  {
    "Name":"kelvin-hartree relationship",
    "Value":"3.166 811 563 4564 e-6",
    "Uncertainty_or_Exact":"0.000 000 000 0035 e-6",
    "Unit":"E_h"
  },
  {
    "Name":"kelvin-hertz relationship",
    "Value":"2.083 661 912... e10",
    "Uncertainty_or_Exact":"(exact)",
    "Unit":"Hz"
  },
  {
    "Name":"kelvin-inverse meter relationship",
    "Value":"69.503 480 04...",
    "Uncertainty_or_Exact":"(exact)",
    "Unit":"m^-1"
  },
  {
    "Name":"kelvin-joule relationship",
    "Value":"1.380 649 e-23",
    "Uncertainty_or_Exact":"(exact)",
    "Unit":"J"
  },
  {
    "Name":"kelvin-kilogram relationship",
    "Value":"1.536 179 187... e-40",
    "Uncertainty_or_Exact":"(exact)",
    "Unit":"kg"
  },
  {
    "Name":"kilogram-atomic mass unit relationship",
    "Value":"6.022 140 7537 e26",
    "Uncertainty_or_Exact":"0.000 000 0019 e26",
    "Unit":"u"
  },
  {
    "Name":"kilogram-electron volt relationship",
    "Value":"5.609 588 603... e35",
    "Uncertainty_or_Exact":"(exact)",
    "Unit":"eV"
  },
  {
    "Name":"kilogram-hartree relationship",
    "Value":"2.061 485 788 7415 e34",
    "Uncertainty_or_Exact":"0.000 000 000 0022 e34",
    "Unit":"E_h"
  },
  {
    "Name":"kilogram-hertz relationship",
    "Value":"1.356 392 489... e50",
    "Uncertainty_or_Exact":"(exact)",
    "Unit":"Hz"
  },
  {
    "Name":"kilogram-inverse meter relationship",
    "Value":"4.524 438 335... e41",
    "Uncertainty_or_Exact":"(exact)",
    "Unit":"m^-1"
  },
  {
    "Name":"kilogram-joule relationship",
    "Value":"8.987 551 787... e16",
    "Uncertainty_or_Exact":"(exact)",
    "Unit":"J"
  },
  {
    "Name":"kilogram-kelvin relationship",
    "Value":"6.509 657 260... e39",
    "Uncertainty_or_Exact":"(exact)",
    "Unit":"K"
  },
  {
    "Name":"lattice parameter of silicon",
    "Value":"5.431 020 511 e-10",
    "Uncertainty_or_Exact":"0.000 000 089 e-10",
    "Unit":"m"
  },
  {
    "Name":"lattice spacing of ideal Si (220)",
    "Value":"1.920 155 716 e-10",
    "Uncertainty_or_Exact":"0.000 000 032 e-10",
    "Unit":"m"
  },
  {
    "Name":"Loschmidt constant (273.15 K, 100 kPa)",
    "Value":"2.651 645 804... e25",
    "Uncertainty_or_Exact":"(exact)",
    "Unit":"m^-3"
  },
  {
    "Name":"Loschmidt constant (273.15 K, 101.325 kPa)",
    "Value":"2.686 780 111... e25",
    "Uncertainty_or_Exact":"(exact)",
    "Unit":"m^-3"
  },
  {
    "Name":"luminous efficacy",
    "Value":"683",
    "Uncertainty_or_Exact":"(exact)",
    "Unit":"lm W^-1"
  },
  {
    "Name":"mag. flux quantum",
    "Value":"2.067 833 848... e-15",
    "Uncertainty_or_Exact":"(exact)",
    "Unit":"Wb"
  },
  {
    "Name":"molar gas constant",
    "Value":"8.314 462 618...",
    "Uncertainty_or_Exact":"(exact)",
    "Unit":"J mol^-1 K^-1"
  },
  {
    "Name":"molar mass constant",
    "Value":"1.000 000 001 05 e-3",
    "Uncertainty_or_Exact":"0.000 000 000 31 e-3",
    "Unit":"kg mol^-1"
  },
  {
    "Name":"molar mass of carbon-12",
    "Value":"12.000 000 0126 e-3",
    "Uncertainty_or_Exact":"0.000 000 0037 e-3",
    "Unit":"kg mol^-1"
  },
  {
    "Name":"molar Planck constant",
    "Value":"3.990 312 712... e-10",
    "Uncertainty_or_Exact":"(exact)",
    "Unit":"J Hz^-1 mol^-1"
  },
  {
    "Name":"molar volume of ideal gas (273.15 K, 100 kPa)",
    "Value":"22.710 954 64... e-3",
    "Uncertainty_or_Exact":"(exact)",
    "Unit":"m^3 mol^-1"
  },
  {
    "Name":"molar volume of ideal gas (273.15 K, 101.325 kPa)",
    "Value":"22.413 969 54... e-3",
    "Uncertainty_or_Exact":"(exact)",
    "Unit":"m^3 mol^-1"
  },
  {
    "Name":"molar volume of silicon",
    "Value":"1.205 883 199 e-5",
    "Uncertainty_or_Exact":"0.000 000 060 e-5",
    "Unit":"m^3 mol^-1"
  },
  {
    "Name":"Molybdenum x unit",
    "Value":"1.002 099 52 e-13",
    "Uncertainty_or_Exact":"0.000 000 53 e-13",
    "Unit":"m"
  },
  {
    "Name":"muon Compton wavelength",
    "Value":"1.173 444 110 e-14",
    "Uncertainty_or_Exact":"0.000 000 026 e-14",
    "Unit":"m"
  },
  {
    "Name":"muon-electron mass ratio",
    "Value":"206.768 2827             0.000 0046",
    "Uncertainty_or_Exact":"",
    "Unit":""
  },
  {
    "Name":"muon g factor",
    "Value":"-2.002 331 841 23        0.000 000 000 82",
    "Uncertainty_or_Exact":"",
    "Unit":""
  },
  {
    "Name":"muon mag. mom.",
    "Value":"-4.490 448 30 e-26",
    "Uncertainty_or_Exact":"0.000 000 10 e-26",
    "Unit":"J T^-1"
  },
  {
    "Name":"muon mag. mom. anomaly",
    "Value":"1.165 920 62 e-3",
    "Uncertainty_or_Exact":"0.000 000 41 e-3",
    "Unit":""
  },
  {
    "Name":"muon mag. mom. to Bohr magneton ratio",
    "Value":"-4.841 970 48 e-3",
    "Uncertainty_or_Exact":"0.000 000 11 e-3",
    "Unit":""
  },
  {
    "Name":"muon mag. mom. to nuclear magneton ratio",
    "Value":"-8.890 597 04            0.000 000 20",
    "Uncertainty_or_Exact":"",
    "Unit":""
  },
  {
    "Name":"muon mass",
    "Value":"1.883 531 627 e-28",
    "Uncertainty_or_Exact":"0.000 000 042 e-28",
    "Unit":"kg"
  },
  {
    "Name":"muon mass energy equivalent",
    "Value":"1.692 833 804 e-11",
    "Uncertainty_or_Exact":"0.000 000 038 e-11",
    "Unit":"J"
  },
  {
    "Name":"muon mass energy equivalent in MeV",
    "Value":"105.658 3755             0.000 0023",
    "Uncertainty_or_Exact":"",
    "Unit":"MeV"
  },
  {
    "Name":"muon mass in u",
    "Value":"0.113 428 9257           0.000 000 0025",
    "Uncertainty_or_Exact":"",
    "Unit":"u"
  },
  {
    "Name":"muon molar mass",
    "Value":"1.134 289 258 e-4",
    "Uncertainty_or_Exact":"0.000 000 025 e-4",
    "Unit":"kg mol^-1"
  },
  {
    "Name":"muon-neutron mass ratio",
    "Value":"0.112 454 5168           0.000 000 0025",
    "Uncertainty_or_Exact":"",
    "Unit":""
  },
  {
    "Name":"muon-proton mag. mom. ratio",
    "Value":"-3.183 345 146           0.000 000 071",
    "Uncertainty_or_Exact":"",
    "Unit":""
  },
  {
    "Name":"muon-proton mass ratio",
    "Value":"0.112 609 5262           0.000 000 0025",
    "Uncertainty_or_Exact":"",
    "Unit":""
  },
  {
    "Name":"muon-tau mass ratio",
    "Value":"5.946 35 e-2",
    "Uncertainty_or_Exact":"0.000 40 e-2",
    "Unit":""
  },
  {
    "Name":"natural unit of action",
    "Value":"1.054 571 817... e-34",
    "Uncertainty_or_Exact":"(exact)",
    "Unit":"J s"
  },
  {
    "Name":"natural unit of action in eV s",
    "Value":"6.582 119 569... e-16",
    "Uncertainty_or_Exact":"(exact)",
    "Unit":"eV s"
  },
  {
    "Name":"natural unit of energy",
    "Value":"8.187 105 7880 e-14",
    "Uncertainty_or_Exact":"0.000 000 0026 e-14",
    "Unit":"J"
  },
  {
    "Name":"natural unit of energy in MeV",
    "Value":"0.510 998 950 69         0.000 000 000 16",
    "Uncertainty_or_Exact":"",
    "Unit":"MeV"
  },
  {
    "Name":"natural unit of length",
    "Value":"3.861 592 6744 e-13",
    "Uncertainty_or_Exact":"0.000 000 0012 e-13",
    "Unit":"m"
  },
  {
    "Name":"natural unit of mass",
    "Value":"9.109 383 7139 e-31",
    "Uncertainty_or_Exact":"0.000 000 0028 e-31",
    "Unit":"kg"
  },
  {
    "Name":"natural unit of momentum",
    "Value":"2.730 924 534 46 e-22",
    "Uncertainty_or_Exact":"0.000 000 000 85 e-22",
    "Unit":"kg m s^-1"
  },
  {
    "Name":"natural unit of momentum in MeV\/c",
    "Value":"0.510 998 950 69         0.000 000 000 16",
    "Uncertainty_or_Exact":"",
    "Unit":"MeV\/c"
  },
  {
    "Name":"natural unit of time",
    "Value":"1.288 088 666 44 e-21",
    "Uncertainty_or_Exact":"0.000 000 000 40 e-21",
    "Unit":"s"
  },
  {
    "Name":"natural unit of velocity",
    "Value":"299 792 458",
    "Uncertainty_or_Exact":"(exact)",
    "Unit":"m s^-1"
  },
  {
    "Name":"neutron Compton wavelength",
    "Value":"1.319 590 903 82 e-15",
    "Uncertainty_or_Exact":"0.000 000 000 67 e-15",
    "Unit":"m"
  },
  {
    "Name":"neutron-electron mag. mom. ratio",
    "Value":"1.040 668 84 e-3",
    "Uncertainty_or_Exact":"0.000 000 24 e-3",
    "Unit":""
  },
  {
    "Name":"neutron-electron mass ratio",
    "Value":"1838.683 662 00          0.000 000 74",
    "Uncertainty_or_Exact":"",
    "Unit":""
  },
  {
    "Name":"neutron g factor",
    "Value":"-3.826 085 52            0.000 000 90",
    "Uncertainty_or_Exact":"",
    "Unit":""
  },
  {
    "Name":"neutron gyromag. ratio",
    "Value":"1.832 471 74 e8",
    "Uncertainty_or_Exact":"0.000 000 43 e8",
    "Unit":"s^-1 T^-1"
  },
  {
    "Name":"neutron gyromag. ratio in MHz\/T",
    "Value":"29.164 6935              0.000 0069",
    "Uncertainty_or_Exact":"",
    "Unit":"MHz T^-1"
  },
  {
    "Name":"neutron mag. mom.",
    "Value":"-9.662 3653 e-27",
    "Uncertainty_or_Exact":"0.000 0023 e-27",
    "Unit":"J T^-1"
  },
  {
    "Name":"neutron mag. mom. to Bohr magneton ratio",
    "Value":"-1.041 875 65 e-3",
    "Uncertainty_or_Exact":"0.000 000 25 e-3",
    "Unit":""
  },
  {
    "Name":"neutron mag. mom. to nuclear magneton ratio",
    "Value":"-1.913 042 76            0.000 000 45",
    "Uncertainty_or_Exact":"",
    "Unit":""
  },
  {
    "Name":"neutron mass",
    "Value":"1.674 927 500 56 e-27",
    "Uncertainty_or_Exact":"0.000 000 000 85 e-27",
    "Unit":"kg"
  },
  {
    "Name":"neutron mass energy equivalent",
    "Value":"1.505 349 765 14 e-10",
    "Uncertainty_or_Exact":"0.000 000 000 76 e-10",
    "Unit":"J"
  },
  {
    "Name":"neutron mass energy equivalent in MeV",
    "Value":"939.565 421 94           0.000 000 48",
    "Uncertainty_or_Exact":"",
    "Unit":"MeV"
  },
  {
    "Name":"neutron mass in u",
    "Value":"1.008 664 916 06         0.000 000 000 40",
    "Uncertainty_or_Exact":"",
    "Unit":"u"
  },
  {
    "Name":"neutron molar mass",
    "Value":"1.008 664 917 12 e-3",
    "Uncertainty_or_Exact":"0.000 000 000 51 e-3",
    "Unit":"kg mol^-1"
  },
  {
    "Name":"neutron-muon mass ratio",
    "Value":"8.892 484 08             0.000 000 20",
    "Uncertainty_or_Exact":"",
    "Unit":""
  },
  {
    "Name":"neutron-proton mag. mom. ratio",
    "Value":"-0.684 979 35            0.000 000 16",
    "Uncertainty_or_Exact":"",
    "Unit":""
  },
  {
    "Name":"neutron-proton mass difference",
    "Value":"2.305 574 61 e-30",
    "Uncertainty_or_Exact":"0.000 000 67 e-30",
    "Unit":"kg"
  },
  {
    "Name":"neutron-proton mass difference energy equivalent",
    "Value":"2.072 147 12 e-13",
    "Uncertainty_or_Exact":"0.000 000 60 e-13",
    "Unit":"J"
  },
  {
    "Name":"neutron-proton mass difference energy equivalent in MeV",
    "Value":"1.293 332 51             0.000 000 38",
    "Uncertainty_or_Exact":"",
    "Unit":"MeV"
  },
  {
    "Name":"neutron-proton mass difference in u",
    "Value":"1.388 449 48 e-3",
    "Uncertainty_or_Exact":"0.000 000 40 e-3",
    "Unit":"u"
  },
  {
    "Name":"neutron-proton mass ratio",
    "Value":"1.001 378 419 46         0.000 000 000 40",
    "Uncertainty_or_Exact":"",
    "Unit":""
  },
  {
    "Name":"neutron relative atomic mass",
    "Value":"1.008 664 916 06         0.000 000 000 40",
    "Uncertainty_or_Exact":"",
    "Unit":""
  },
  {
    "Name":"neutron-tau mass ratio",
    "Value":"0.528 779                0.000 036",
    "Uncertainty_or_Exact":"",
    "Unit":""
  },
  {
    "Name":"neutron to shielded proton mag. mom. ratio",
    "Value":"-0.684 996 94            0.000 000 16",
    "Uncertainty_or_Exact":"",
    "Unit":""
  },
  {
    "Name":"Newtonian constant of gravitation",
    "Value":"6.674 30 e-11",
    "Uncertainty_or_Exact":"0.000 15 e-11",
    "Unit":"m^3 kg^-1 s^-2"
  },
  {
    "Name":"Newtonian constant of gravitation over h-bar c",
    "Value":"6.708 83 e-39",
    "Uncertainty_or_Exact":"0.000 15 e-39",
    "Unit":"(GeV\/c^2)^-2"
  },
  {
    "Name":"nuclear magneton",
    "Value":"5.050 783 7393 e-27",
    "Uncertainty_or_Exact":"0.000 000 0016 e-27",
    "Unit":"J T^-1"
  },
  {
    "Name":"nuclear magneton in eV\/T",
    "Value":"3.152 451 254 17 e-8",
    "Uncertainty_or_Exact":"0.000 000 000 98 e-8",
    "Unit":"eV T^-1"
  },
  {
    "Name":"nuclear magneton in inverse meter per tesla",
    "Value":"2.542 623 410 09 e-2",
    "Uncertainty_or_Exact":"0.000 000 000 79 e-2",
    "Unit":"m^-1 T^-1"
  },
  {
    "Name":"nuclear magneton in K\/T",
    "Value":"3.658 267 7706 e-4",
    "Uncertainty_or_Exact":"0.000 000 0011 e-4",
    "Unit":"K T^-1"
  },
  {
    "Name":"nuclear magneton in MHz\/T",
    "Value":"7.622 593 2188           0.000 000 0024",
    "Uncertainty_or_Exact":"",
    "Unit":"MHz T^-1"
  },
  {
    "Name":"Planck constant",
    "Value":"6.626 070 15 e-34",
    "Uncertainty_or_Exact":"(exact)",
    "Unit":"J Hz^-1"
  },
  {
    "Name":"Planck constant in eV\/Hz",
    "Value":"4.135 667 696... e-15",
    "Uncertainty_or_Exact":"(exact)",
    "Unit":"eV Hz^-1"
  },
  {
    "Name":"Planck length",
    "Value":"1.616 255 e-35",
    "Uncertainty_or_Exact":"0.000 018 e-35",
    "Unit":"m"
  },
  {
    "Name":"Planck mass",
    "Value":"2.176 434 e-8",
    "Uncertainty_or_Exact":"0.000 024 e-8",
    "Unit":"kg"
  },
  {
    "Name":"Planck mass energy equivalent in GeV",
    "Value":"1.220 890 e19",
    "Uncertainty_or_Exact":"0.000 014 e19",
    "Unit":"GeV"
  },
  {
    "Name":"Planck temperature",
    "Value":"1.416 784 e32",
    "Uncertainty_or_Exact":"0.000 016 e32",
    "Unit":"K"
  },
  {
    "Name":"Planck time",
    "Value":"5.391 247 e-44",
    "Uncertainty_or_Exact":"0.000 060 e-44",
    "Unit":"s"
  },
  {
    "Name":"proton charge to mass quotient",
    "Value":"9.578 833 1430 e7",
    "Uncertainty_or_Exact":"0.000 000 0030 e7",
    "Unit":"C kg^-1"
  },
  {
    "Name":"proton Compton wavelength",
    "Value":"1.321 409 853 60 e-15",
    "Uncertainty_or_Exact":"0.000 000 000 41 e-15",
    "Unit":"m"
  },
  {
    "Name":"proton-electron mass ratio",
    "Value":"1836.152 673 426         0.000 000 032",
    "Uncertainty_or_Exact":"",
    "Unit":""
  },
  {
    "Name":"proton g factor",
    "Value":"5.585 694 6893           0.000 000 0016",
    "Uncertainty_or_Exact":"",
    "Unit":""
  },
  {
    "Name":"proton gyromag. ratio",
    "Value":"2.675 221 8708 e8",
    "Uncertainty_or_Exact":"0.000 000 0011 e8",
    "Unit":"s^-1 T^-1"
  },
  {
    "Name":"proton gyromag. ratio in MHz\/T",
    "Value":"42.577 478 461           0.000 000 018",
    "Uncertainty_or_Exact":"",
    "Unit":"MHz T^-1"
  },
  {
    "Name":"proton mag. mom.",
    "Value":"1.410 606 795 45 e-26",
    "Uncertainty_or_Exact":"0.000 000 000 60 e-26",
    "Unit":"J T^-1"
  },
  {
    "Name":"proton mag. mom. to Bohr magneton ratio",
    "Value":"1.521 032 202 30 e-3",
    "Uncertainty_or_Exact":"0.000 000 000 45 e-3",
    "Unit":""
  },
  {
    "Name":"proton mag. mom. to nuclear magneton ratio",
    "Value":"2.792 847 344 63         0.000 000 000 82",
    "Uncertainty_or_Exact":"",
    "Unit":""
  },
  {
    "Name":"proton mag. shielding correction",
    "Value":"2.567 15 e-5",
    "Uncertainty_or_Exact":"0.000 41 e-5",
    "Unit":""
  },
  {
    "Name":"proton mass",
    "Value":"1.672 621 925 95 e-27",
    "Uncertainty_or_Exact":"0.000 000 000 52 e-27",
    "Unit":"kg"
  },
  {
    "Name":"proton mass energy equivalent",
    "Value":"1.503 277 618 02 e-10",
    "Uncertainty_or_Exact":"0.000 000 000 47 e-10",
    "Unit":"J"
  },
  {
    "Name":"proton mass energy equivalent in MeV",
    "Value":"938.272 089 43           0.000 000 29",
    "Uncertainty_or_Exact":"",
    "Unit":"MeV"
  },
  {
    "Name":"proton mass in u",
    "Value":"1.007 276 466 5789       0.000 000 000 0083",
    "Uncertainty_or_Exact":"",
    "Unit":"u"
  },
  {
    "Name":"proton molar mass",
    "Value":"1.007 276 467 64 e-3",
    "Uncertainty_or_Exact":"0.000 000 000 31 e-3",
    "Unit":"kg mol^-1"
  },
  {
    "Name":"proton-muon mass ratio",
    "Value":"8.880 243 38             0.000 000 20",
    "Uncertainty_or_Exact":"",
    "Unit":""
  },
  {
    "Name":"proton-neutron mag. mom. ratio",
    "Value":"-1.459 898 02            0.000 000 34",
    "Uncertainty_or_Exact":"",
    "Unit":""
  },
  {
    "Name":"proton-neutron mass ratio",
    "Value":"0.998 623 477 97         0.000 000 000 40",
    "Uncertainty_or_Exact":"",
    "Unit":""
  },
  {
    "Name":"proton relative atomic mass",
    "Value":"1.007 276 466 5789       0.000 000 000 0083",
    "Uncertainty_or_Exact":"",
    "Unit":""
  },
  {
    "Name":"proton rms charge radius",
    "Value":"8.4075 e-16",
    "Uncertainty_or_Exact":"0.0064 e-16",
    "Unit":"m"
  },
  {
    "Name":"proton-tau mass ratio",
    "Value":"0.528 051                0.000 036",
    "Uncertainty_or_Exact":"",
    "Unit":""
  },
  {
    "Name":"quantum of circulation",
    "Value":"3.636 947 5467 e-4",
    "Uncertainty_or_Exact":"0.000 000 0011 e-4",
    "Unit":"m^2 s^-1"
  },
  {
    "Name":"quantum of circulation times 2",
    "Value":"7.273 895 0934 e-4",
    "Uncertainty_or_Exact":"0.000 000 0023 e-4",
    "Unit":"m^2 s^-1"
  },
  {
    "Name":"reduced Compton wavelength",
    "Value":"3.861 592 6744 e-13",
    "Uncertainty_or_Exact":"0.000 000 0012 e-13",
    "Unit":"m"
  },
  {
    "Name":"reduced muon Compton wavelength",
    "Value":"1.867 594 306 e-15",
    "Uncertainty_or_Exact":"0.000 000 042 e-15",
    "Unit":"m"
  },
  {
    "Name":"reduced neutron Compton wavelength",
    "Value":"2.100 194 1520 e-16",
    "Uncertainty_or_Exact":"0.000 000 0011 e-16",
    "Unit":"m"
  },
  {
    "Name":"reduced Planck constant",
    "Value":"1.054 571 817... e-34",
    "Uncertainty_or_Exact":"(exact)",
    "Unit":"J s"
  },
  {
    "Name":"reduced Planck constant in eV s",
    "Value":"6.582 119 569... e-16",
    "Uncertainty_or_Exact":"(exact)",
    "Unit":"eV s"
  },
  {
    "Name":"reduced Planck constant times c in MeV fm",
    "Value":"197.326 980 4...",
    "Uncertainty_or_Exact":"(exact)",
    "Unit":"MeV fm"
  },
  {
    "Name":"reduced proton Compton wavelength",
    "Value":"2.103 089 100 51 e-16",
    "Uncertainty_or_Exact":"0.000 000 000 66 e-16",
    "Unit":"m"
  },
  {
    "Name":"reduced tau Compton wavelength",
    "Value":"1.110 538 e-16",
    "Uncertainty_or_Exact":"0.000 075 e-16",
    "Unit":"m"
  },
  {
    "Name":"Rydberg constant",
    "Value":"10 973 731.568 157       0.000 012",
    "Uncertainty_or_Exact":"",
    "Unit":"m^-1"
  },
  {
    "Name":"Rydberg constant times c in Hz",
    "Value":"3.289 841 960 2500 e15",
    "Uncertainty_or_Exact":"0.000 000 000 0036 e15",
    "Unit":"Hz"
  },
  {
    "Name":"Rydberg constant times hc in eV",
    "Value":"13.605 693 122 990       0.000 000 000 015",
    "Uncertainty_or_Exact":"",
    "Unit":"eV"
  },
  {
    "Name":"Rydberg constant times hc in J",
    "Value":"2.179 872 361 1030 e-18",
    "Uncertainty_or_Exact":"0.000 000 000 0024 e-18",
    "Unit":"J"
  },
  {
    "Name":"Sackur-Tetrode constant (1 K, 100 kPa)",
    "Value":"-1.151 707 534 96        0.000 000 000 47",
    "Uncertainty_or_Exact":"",
    "Unit":""
  },
  {
    "Name":"Sackur-Tetrode constant (1 K, 101.325 kPa)",
    "Value":"-1.164 870 521 49        0.000 000 000 47",
    "Uncertainty_or_Exact":"",
    "Unit":""
  },
  {
    "Name":"second radiation constant",
    "Value":"1.438 776 877... e-2",
    "Uncertainty_or_Exact":"(exact)",
    "Unit":"m K"
  },
  {
    "Name":"shielded helion gyromag. ratio",
    "Value":"2.037 894 6078 e8",
    "Uncertainty_or_Exact":"0.000 000 0018 e8",
    "Unit":"s^-1 T^-1"
  },
  {
    "Name":"shielded helion gyromag. ratio in MHz\/T",
    "Value":"32.434 100 033           0.000 000 028",
    "Uncertainty_or_Exact":"",
    "Unit":"MHz T^-1"
  },
  {
    "Name":"shielded helion mag. mom.",
    "Value":"-1.074 553 110 35 e-26",
    "Uncertainty_or_Exact":"0.000 000 000 93 e-26",
    "Unit":"J T^-1"
  },
  {
    "Name":"shielded helion mag. mom. to Bohr magneton ratio",
    "Value":"-1.158 671 494 57 e-3",
    "Uncertainty_or_Exact":"0.000 000 000 94 e-3",
    "Unit":""
  },
  {
    "Name":"shielded helion mag. mom. to nuclear magneton ratio",
    "Value":"-2.127 497 7624          0.000 000 0017",
    "Uncertainty_or_Exact":"",
    "Unit":""
  },
  {
    "Name":"shielded helion to proton mag. mom. ratio",
    "Value":"-0.761 766 577 21        0.000 000 000 66",
    "Uncertainty_or_Exact":"",
    "Unit":""
  },
  {
    "Name":"shielded helion to shielded proton mag. mom. ratio",
    "Value":"-0.761 786 1334          0.000 000 0031",
    "Uncertainty_or_Exact":"",
    "Unit":""
  },
  {
    "Name":"shielded proton gyromag. ratio",
    "Value":"2.675 153 194 e8",
    "Uncertainty_or_Exact":"0.000 000 011 e8",
    "Unit":"s^-1 T^-1"
  },
  {
    "Name":"shielded proton gyromag. ratio in MHz\/T",
    "Value":"42.576 385 43            0.000 000 17",
    "Uncertainty_or_Exact":"",
    "Unit":"MHz T^-1"
  },
  {
    "Name":"shielded proton mag. mom.",
    "Value":"1.410 570 5830 e-26",
    "Uncertainty_or_Exact":"0.000 000 0058 e-26",
    "Unit":"J T^-1"
  },
  {
    "Name":"shielded proton mag. mom. to Bohr magneton ratio",
    "Value":"1.520 993 1551 e-3",
    "Uncertainty_or_Exact":"0.000 000 0062 e-3",
    "Unit":""
  },
  {
    "Name":"shielded proton mag. mom. to nuclear magneton ratio",
    "Value":"2.792 775 648            0.000 000 011",
    "Uncertainty_or_Exact":"",
    "Unit":""
  },
  {
    "Name":"shielding difference of d and p in HD",
    "Value":"1.987 70 e-8",
    "Uncertainty_or_Exact":"0.000 10 e-8",
    "Unit":""
  },
  {
    "Name":"shielding difference of t and p in HT",
    "Value":"2.394 50 e-8",
    "Uncertainty_or_Exact":"0.000 20 e-8",
    "Unit":""
  },
  {
    "Name":"speed of light in vacuum",
    "Value":"299 792 458",
    "Uncertainty_or_Exact":"(exact)",
    "Unit":"m s^-1"
  },
  {
    "Name":"standard acceleration of gravity",
    "Value":"9.806 65",
    "Uncertainty_or_Exact":"(exact)",
    "Unit":"m s^-2"
  },
  {
    "Name":"standard atmosphere",
    "Value":"101 325",
    "Uncertainty_or_Exact":"(exact)",
    "Unit":"Pa"
  },
  {
    "Name":"standard-state pressure",
    "Value":"100 000",
    "Uncertainty_or_Exact":"(exact)",
    "Unit":"Pa"
  },
  {
    "Name":"Stefan-Boltzmann constant",
    "Value":"5.670 374 419... e-8",
    "Uncertainty_or_Exact":"(exact)",
    "Unit":"W m^-2 K^-4"
  },
  {
    "Name":"tau Compton wavelength",
    "Value":"6.977 71 e-16",
    "Uncertainty_or_Exact":"0.000 47 e-16",
    "Unit":"m"
  },
  {
    "Name":"tau-electron mass ratio",
    "Value":"3477.23                  0.23",
    "Uncertainty_or_Exact":"",
    "Unit":""
  },
  {
    "Name":"tau energy equivalent",
    "Value":"1776.86                  0.12",
    "Uncertainty_or_Exact":"",
    "Unit":"MeV"
  },
  {
    "Name":"tau mass",
    "Value":"3.167 54 e-27",
    "Uncertainty_or_Exact":"0.000 21 e-27",
    "Unit":"kg"
  },
  {
    "Name":"tau mass energy equivalent",
    "Value":"2.846 84 e-10",
    "Uncertainty_or_Exact":"0.000 19 e-10",
    "Unit":"J"
  },
  {
    "Name":"tau mass in u",
    "Value":"1.907 54                 0.000 13",
    "Uncertainty_or_Exact":"",
    "Unit":"u"
  },
  {
    "Name":"tau molar mass",
    "Value":"1.907 54 e-3",
    "Uncertainty_or_Exact":"0.000 13 e-3",
    "Unit":"kg mol^-1"
  },
  {
    "Name":"tau-muon mass ratio",
    "Value":"16.8170                  0.0011",
    "Uncertainty_or_Exact":"",
    "Unit":""
  },
  {
    "Name":"tau-neutron mass ratio",
    "Value":"1.891 15                 0.000 13",
    "Uncertainty_or_Exact":"",
    "Unit":""
  },
  {
    "Name":"tau-proton mass ratio",
    "Value":"1.893 76                 0.000 13",
    "Uncertainty_or_Exact":"",
    "Unit":""
  },
  {
    "Name":"Thomson cross section",
    "Value":"6.652 458 7051 e-29",
    "Uncertainty_or_Exact":"0.000 000 0062 e-29",
    "Unit":"m^2"
  },
  {
    "Name":"triton-electron mass ratio",
    "Value":"5496.921 535 51          0.000 000 21",
    "Uncertainty_or_Exact":"",
    "Unit":""
  },
  {
    "Name":"triton g factor",
    "Value":"5.957 924 930            0.000 000 012",
    "Uncertainty_or_Exact":"",
    "Unit":""
  },
  {
    "Name":"triton mag. mom.",
    "Value":"1.504 609 5178 e-26",
    "Uncertainty_or_Exact":"0.000 000 0030 e-26",
    "Unit":"J T^-1"
  },
  {
    "Name":"triton mag. mom. to Bohr magneton ratio",
    "Value":"1.622 393 6648 e-3",
    "Uncertainty_or_Exact":"0.000 000 0032 e-3",
    "Unit":""
  },
  {
    "Name":"triton mag. mom. to nuclear magneton ratio",
    "Value":"2.978 962 4650           0.000 000 0059",
    "Uncertainty_or_Exact":"",
    "Unit":""
  },
  {
    "Name":"triton mass",
    "Value":"5.007 356 7512 e-27",
    "Uncertainty_or_Exact":"0.000 000 0016 e-27",
    "Unit":"kg"
  },
  {
    "Name":"triton mass energy equivalent",
    "Value":"4.500 387 8119 e-10",
    "Uncertainty_or_Exact":"0.000 000 0014 e-10",
    "Unit":"J"
  },
  {
    "Name":"triton mass energy equivalent in MeV",
    "Value":"2808.921 136 68          0.000 000 88",
    "Uncertainty_or_Exact":"",
    "Unit":"MeV"
  },
  {
    "Name":"triton mass in u",
    "Value":"3.015 500 715 97         0.000 000 000 10",
    "Uncertainty_or_Exact":"",
    "Unit":"u"
  },
  {
    "Name":"triton molar mass",
    "Value":"3.015 500 719 13 e-3",
    "Uncertainty_or_Exact":"0.000 000 000 94 e-3",
    "Unit":"kg mol^-1"
  },
  {
    "Name":"triton-proton mass ratio",
    "Value":"2.993 717 034 03         0.000 000 000 10",
    "Uncertainty_or_Exact":"",
    "Unit":""
  },
  {
    "Name":"triton relative atomic mass",
    "Value":"3.015 500 715 97         0.000 000 000 10",
    "Uncertainty_or_Exact":"",
    "Unit":""
  },
  {
    "Name":"triton to proton mag. mom. ratio",
    "Value":"1.066 639 9189           0.000 000 0021",
    "Uncertainty_or_Exact":"",
    "Unit":""
  },
  {
    "Name":"unified atomic mass unit",
    "Value":"1.660 539 068 92 e-27",
    "Uncertainty_or_Exact":"0.000 000 000 52 e-27",
    "Unit":"kg"
  },
  {
    "Name":"vacuum electric permittivity",
    "Value":"8.854 187 8188 e-12",
    "Uncertainty_or_Exact":"0.000 000 0014 e-12",
    "Unit":"F m^-1"
  },
  {
    "Name":"vacuum mag. permeability",
    "Value":"1.256 637 061 27 e-6",
    "Uncertainty_or_Exact":"0.000 000 000 20 e-6",
    "Unit":"N A^-2"
  },
  {
    "Name":"von Klitzing constant",
    "Value":"25 812.807 45...",
    "Uncertainty_or_Exact":"(exact)",
    "Unit":"ohm"
  },
  {
    "Name":"weak mixing angle",
    "Value":"0.223 05                 0.000 23",
    "Uncertainty_or_Exact":"",
    "Unit":""
  },
  {
    "Name":"Wien frequency displacement law constant",
    "Value":"5.878 925 757... e10",
    "Uncertainty_or_Exact":"(exact)",
    "Unit":"Hz K^-1"
  },
  {
    "Name":"Wien wavelength displacement law constant",
    "Value":"2.897 771 955... e-3",
    "Uncertainty_or_Exact":"(exact)",
    "Unit":"m K"
  },
  {
    "Name":"W to Z mass ratio",
    "Value":"0.881 45                 0.000",
    "Uncertainty_or_Exact":"13",
    "Unit":""
  }
]