Name,Value,Uncertainty_or_Exact,Unit,Value_numeric,IsExact,Uncertainty_numeric
alpha particle-electron mass ratio,7294.299 541 71          0.000 000 17,,,7294.29954171,False,
alpha particle mass,6.644 657 3450 e-27,0.000 000 0021 e-27,kg,6.644657345e-27,False,2.1e-36
alpha particle mass energy equivalent,5.971 920 1997 e-10,0.000 000 0019 e-10,J,5.9719201997e-10,False,1.9e-19
alpha particle mass energy equivalent in MeV,3727.379 4118            0.000 0012,,MeV,3727.3794118,False,
alpha particle mass in u,4.001 506 179 129        0.000 000 000 062,,u,4.001506179129,False,
alpha particle molar mass,4.001 506 1833 e-3,0.000 000 0012 e-3,kg mol^-1,0.0040015061833,False,1.2e-12
alpha particle-proton mass ratio,3.972 599 690 252        0.000 000 000 070,,,3.972599690252,False,
alpha particle relative atomic mass,4.001 506 179 129        0.000 000 000 062,,,4.001506179129,False,
alpha particle rms charge radius,1.6785 e-15,0.0021 e-15,m,1.6785e-15,False,2.1e-18
Angstrom star,1.000 014 95 e-10,0.000 000 90 e-10,m,1.00001495e-10,False,9e-17
atomic mass constant,1.660 539 068 92 e-27,0.000 000 000 52 e-27,kg,1.66053906892e-27,False,5.2e-37
atomic mass constant energy equivalent,1.492 418 087 68 e-10,0.000 000 000 46 e-10,J,1.49241808768e-10,False,4.6e-20
atomic mass constant energy equivalent in MeV,931.494 103 72           0.000 000 29,,MeV,931.49410372,False,
atomic mass unit-electron volt relationship,9.314 941 0372 e8,0.000 000 0029 e8,eV,931494103.72,False,0.29
atomic mass unit-hartree relationship,3.423 177 6922 e7,0.000 000 0011 e7,E_h,34231776.922,False,0.011
atomic mass unit-hertz relationship,2.252 342 721 85 e23,0.000 000 000 70 e23,Hz,2.25234272185e+23,False,70000000000000.0
atomic mass unit-inverse meter relationship,7.513 006 6209 e14,0.000 000 0023 e14,m^-1,751300662090000.0,False,230000.0
atomic mass unit-joule relationship,1.492 418 087 68 e-10,0.000 000 000 46 e-10,J,1.49241808768e-10,False,4.6e-20
atomic mass unit-kelvin relationship,1.080 954 020 67 e13,0.000 000 000 34 e13,K,10809540206700.0,False,3400.0
atomic mass unit-kilogram relationship,1.660 539 068 92 e-27,0.000 000 000 52 e-27,kg,1.66053906892e-27,False,5.2e-37
atomic unit of 1st hyperpolarizability,3.206 361 2996 e-53,0.000 000 0015 e-53,C^3 m^3 J^-2,3.2063612996e-53,False,1.5e-62
atomic unit of 2nd hyperpolarizability,6.235 379 9735 e-65,0.000 000 0039 e-65,C^4 m^4 J^-3,6.2353799735e-65,False,3.9e-74
atomic unit of action,1.054 571 817... e-34,(exact),J s,1.054571817e-34,True,
atomic unit of charge,1.602 176 634 e-19,(exact),C,1.602176634e-19,True,
atomic unit of charge density,1.081 202 386 77 e12,0.000 000 000 51 e12,C m^-3,1081202386770.0,False,510.0
atomic unit of current,6.623 618 237 5082 e-3,0.000 000 000 0072 e-3,A,0.0066236182375082,False,7.2e-15
atomic unit of electric dipole mom.,8.478 353 6198 e-30,0.000 000 0013 e-30,C m,8.4783536198e-30,False,1.3e-39
atomic unit of electric field,5.142 206 751 12 e11,0.000 000 000 80 e11,V m^-1,514220675112.0,False,80.0
atomic unit of electric field gradient,9.717 362 4424 e21,0.000 000 0030 e21,V m^-2,9.7173624424e+21,False,3000000000000.0
atomic unit of electric polarizability,1.648 777 272 12 e-41,0.000 000 000 51 e-41,C^2 m^2 J^-1,1.64877727212e-41,False,5.1e-51
atomic unit of electric potential,27.211 386 245 981       0.000 000 000 030,,V,27.211386245981,False,
atomic unit of electric quadrupole mom.,4.486 551 5185 e-40,0.000 000 0014 e-40,C m^2,4.4865515185e-40,False,1.4e-49
atomic unit of energy,4.359 744 722 2060 e-18,0.000 000 000 0048 e-18,J,4.359744722206e-18,False,4.8e-30
atomic unit of force,8.238 723 5038 e-8,0.000 000 0013 e-8,N,8.2387235038e-08,False,1.3e-17
atomic unit of length,5.291 772 105 44 e-11,0.000 000 000 82 e-11,m,5.29177210544e-11,False,8.2e-21
atomic unit of mag. dipole mom.,1.854 802 013 15 e-23,0.000 000 000 58 e-23,J T^-1,1.85480201315e-23,False,5.8e-33
atomic unit of mag. flux density,2.350 517 570 77 e5,0.000 000 000 73 e5,T,235051.757077,False,7.3e-05
atomic unit of magnetizability,7.891 036 5794 e-29,0.000 000 0049 e-29,J T^-2,7.8910365794e-29,False,4.9e-38
atomic unit of mass,9.109 383 7139 e-31,0.000 000 0028 e-31,kg,9.1093837139e-31,False,2.8e-40
atomic unit of momentum,1.992 851 915 45 e-24,0.000 000 000 31 e-24,kg m s^-1,1.99285191545e-24,False,3.1e-34
atomic unit of permittivity,1.112 650 056 20 e-10,0.000 000 000 17 e-10,F m^-1,1.1126500562e-10,False,1.7e-20
atomic unit of time,2.418 884 326 5864 e-17,0.000 000 000 0026 e-17,s,2.4188843265864e-17,False,2.6e-29
atomic unit of velocity,2.187 691 262 16 e6,0.000 000 000 34 e6,m s^-1,2187691.26216,False,0.00034
Avogadro constant,6.022 140 76 e23,(exact),mol^-1,6.02214076e+23,True,
Bohr magneton,9.274 010 0657 e-24,0.000 000 0029 e-24,J T^-1,9.2740100657e-24,False,2.9e-33
Bohr magneton in eV/T,5.788 381 7982 e-5,0.000 000 0018 e-5,eV T^-1,5.7883817982e-05,False,1.8e-14
Bohr magneton in Hz/T,1.399 624 491 71 e10,0.000 000 000 44 e10,Hz T^-1,13996244917.1,False,4.4
Bohr magneton in inverse meter per tesla,46.686 447 719           0.000 000 015,,m^-1 T^-1,46.686447719,False,
Bohr magneton in K/T,0.671 713 814 72         0.000 000 000 21,,K T^-1,0.67171381472,False,
Bohr radius,5.291 772 105 44 e-11,0.000 000 000 82 e-11,m,5.29177210544e-11,False,8.2e-21
Boltzmann constant,1.380 649 e-23,(exact),J K^-1,1.380649e-23,True,
Boltzmann constant in eV/K,8.617 333 262... e-5,(exact),eV K^-1,8.617333262e-05,True,
Boltzmann constant in Hz/K,2.083 661 912... e10,(exact),Hz K^-1,20836619120.0,True,
Boltzmann constant in inverse meter per kelvin,69.503 480 04...,(exact),m^-1 K^-1,69.50348004,True,
characteristic impedance of vacuum,376.730 313 412          0.000 000 059,,ohm,376.730313412,False,
classical electron radius,2.817 940 3205 e-15,0.000 000 0013 e-15,m,2.8179403205e-15,False,1.3e-24
Compton wavelength,2.426 310 235 38 e-12,0.000 000 000 76 e-12,m,2.42631023538e-12,False,7.6e-22
conductance quantum,7.748 091 729... e-5,(exact),S,7.748091729e-05,True,
conventional value of ampere-90,1.000 000 088 87...,(exact),A,1.00000008887,True,
conventional value of coulomb-90,1.000 000 088 87...,(exact),C,1.00000008887,True,
conventional value of farad-90,0.999 999 982 20...,(exact),F,0.9999999822,True,
conventional value of henry-90,1.000 000 017 79...,(exact),H,1.00000001779,True,
conventional value of Josephson constant,483 597.9 e9,(exact),Hz V^-1,483597900000000.0,True,
conventional value of ohm-90,1.000 000 017 79...,(exact),ohm,1.00000001779,True,
conventional value of volt-90,1.000 000 106 66...,(exact),V,1.00000010666,True,
conventional value of von Klitzing constant,25 812.807,(exact),ohm,25812.807,True,
conventional value of watt-90,1.000 000 195 53...,(exact),W,1.00000019553,True,
Copper x unit,1.002 076 97 e-13,0.000 000 28 e-13,m,1.00207697e-13,False,2.8e-20
deuteron-electron mag. mom. ratio,-4.664 345 550 e-4,0.000 000 012 e-4,,-0.000466434555,False,1.2e-12
deuteron-electron mass ratio,3670.482 967 655         0.000 000 063,,,3670.482967655,False,
deuteron g factor,0.857 438 2335           0.000 000 0022,,,0.8574382335,False,
deuteron mag. mom.,4.330 735 087 e-27,0.000 000 011 e-27,J T^-1,4.330735087e-27,False,1.1e-35
deuteron mag. mom. to Bohr magneton ratio,4.669 754 568 e-4,0.000 000 012 e-4,,0.0004669754568,False,1.2e-12
deuteron mag. mom. to nuclear magneton ratio,0.857 438 2335           0.000 000 0022,,,0.8574382335,False,
deuteron mass,3.343 583 7768 e-27,0.000 000 0010 e-27,kg,3.3435837768e-27,False,1e-36
deuteron mass energy equivalent,3.005 063 234 91 e-10,0.000 000 000 94 e-10,J,3.00506323491e-10,False,9.4e-20
deuteron mass energy equivalent in MeV,1875.612 945 00          0.000 000 58,,MeV,1875.612945,False,
deuteron mass in u,2.013 553 212 544        0.000 000 000 015,,u,2.013553212544,False,
deuteron molar mass,2.013 553 214 66 e-3,0.000 000 000 63 e-3,kg mol^-1,0.00201355321466,False,6.3e-13
deuteron-neutron mag. mom. ratio,-0.448 206 52            0.000 000 11,,,-0.44820652,False,
deuteron-proton mag. mom. ratio,0.307 012 209 30         0.000 000 000 79,,,0.3070122093,False,
deuteron-proton mass ratio,1.999 007 501 2699       0.000 000 000 0084,,,1.9990075012699,False,
deuteron relative atomic mass,2.013 553 212 544        0.000 000 000 015,,,2.013553212544,False,
deuteron rms charge radius,2.127 78 e-15,0.000 27 e-15,m,2.12778e-15,False,2.7e-19
electron charge to mass quotient,-1.758 820 008 38 e11,0.000 000 000 55 e11,C kg^-1,-175882000838.0,False,55.0
electron-deuteron mag. mom. ratio,-2143.923 4921           0.000 0056,,,-2143.9234921,False,
electron-deuteron mass ratio,2.724 437 107 629 e-4,0.000 000 000 047 e-4,,0.0002724437107629,False,4.7e-15
electron g factor,-2.002 319 304 360 92    0.000 000 000 000 36,,,-2.00231930436092,False,
electron gyromag. ratio,1.760 859 627 84 e11,0.000 000 000 55 e11,s^-1 T^-1,176085962784.0,False,55.0
electron gyromag. ratio in MHz/T,28 024.951 3861          0.000 0087,,MHz T^-1,28024.9513861,False,
electron-helion mass ratio,1.819 543 074 649 e-4,0.000 000 000 053 e-4,,0.0001819543074649,False,5.3e-15
electron mag. mom.,-9.284 764 6917 e-24,0.000 000 0029 e-24,J T^-1,-9.2847646917e-24,False,2.9e-33
electron mag. mom. anomaly,1.159 652 180 46 e-3,0.000 000 000 18 e-3,,0.00115965218046,False,1.8e-13
electron mag. mom. to Bohr magneton ratio,-1.001 159 652 180 46    0.000 000 000 000 18,,,-1.00115965218046,False,
electron mag. mom. to nuclear magneton ratio,-1838.281 971 877        0.000 000 032,,,-1838.281971877,False,
electron mass,9.109 383 7139 e-31,0.000 000 0028 e-31,kg,9.1093837139e-31,False,2.8e-40
electron mass energy equivalent,8.187 105 7880 e-14,0.000 000 0026 e-14,J,8.187105788e-14,False,2.6e-23
electron mass energy equivalent in MeV,0.510 998 950 69         0.000 000 000 16,,MeV,0.51099895069,False,
electron mass in u,5.485 799 090 441 e-4,0.000 000 000 097 e-4,u,0.0005485799090441,False,9.7e-15
electron molar mass,5.485 799 0962 e-7,0.000 000 0017 e-7,kg mol^-1,5.4857990962e-07,False,1.7e-16
electron-muon mag. mom. ratio,206.766 9881             0.000 0046,,,206.7669881,False,
electron-muon mass ratio,4.836 331 70 e-3,0.000 000 11 e-3,,0.0048363317,False,1.1e-10
electron-neutron mag. mom. ratio,960.920 48               0.000 23,,,960.92048,False,
electron-neutron mass ratio,5.438 673 4416 e-4,0.000 000 0022 e-4,,0.00054386734416,False,2.2e-13
electron-proton mag. mom. ratio,-658.210 687 89          0.000 000 19,,,-658.21068789,False,
electron-proton mass ratio,5.446 170 214 889 e-4,0.000 000 000 094 e-4,,0.0005446170214889,False,9.4e-15
electron relative atomic mass,5.485 799 090 441 e-4,0.000 000 000 097 e-4,,0.0005485799090441,False,9.7e-15
electron-tau mass ratio,2.875 85 e-4,0.000 19 e-4,,0.000287585,False,1.9e-08
electron to alpha particle mass ratio,1.370 933 554 733 e-4,0.000 000 000 032 e-4,,0.0001370933554733,False,3.2e-15
electron to shielded helion mag. mom. ratio,864.058 239 86           0.000 000 70,,,864.05823986,False,
electron to shielded proton mag. mom. ratio,-658.227 5856            0.000 0027,,,-658.2275856,False,
electron-triton mass ratio,1.819 200 062 327 e-4,0.000 000 000 068 e-4,,0.0001819200062327,False,6.8e-15
electron volt,1.602 176 634 e-19,(exact),J,1.602176634e-19,True,
electron volt-atomic mass unit relationship,1.073 544 100 83 e-9,0.000 000 000 33 e-9,u,1.07354410083e-09,False,3.3e-19
electron volt-hartree relationship,3.674 932 217 5665 e-2,0.000 000 000 0040 e-2,E_h,0.036749322175665,False,4e-14
electron volt-hertz relationship,2.417 989 242... e14,(exact),Hz,241798924200000.0,True,
electron volt-inverse meter relationship,8.065 543 937... e5,(exact),m^-1,806554.3937,True,
electron volt-joule relationship,1.602 176 634 e-19,(exact),J,1.602176634e-19,True,
electron volt-kelvin relationship,1.160 451 812... e4,(exact),K,11604.51812,True,
electron volt-kilogram relationship,1.782 661 921... e-36,(exact),kg,1.782661921e-36,True,
elementary charge,1.602 176 634 e-19,(exact),C,1.602176634e-19,True,
elementary charge over h-bar,1.519 267 447... e15,(exact),A J^-1,1519267447000000.0,True,
Faraday constant,96 485.332 12...,(exact),C mol^-1,96485.33212,True,
Fermi coupling constant,1.166 3787 e-5,0.000 0006 e-5,GeV^-2,1.1663787e-05,False,6e-12
fine-structure constant,7.297 352 5643 e-3,0.000 000 0011 e-3,,0.0072973525643,False,1.1e-12
first radiation constant,3.741 771 852... e-16,(exact),W m^2,3.741771852e-16,True,
first radiation constant for spectral radiance,1.191 042 972... e-16,(exact),W m^2 sr^-1,1.191042972e-16,True,
hartree-atomic mass unit relationship,2.921 262 317 97 e-8,0.000 000 000 91 e-8,u,2.92126231797e-08,False,9.1e-18
hartree-electron volt relationship,27.211 386 245 981       0.000 000 000 030,,eV,27.211386245981,False,
Hartree energy,4.359 744 722 2060 e-18,0.000 000 000 0048 e-18,J,4.359744722206e-18,False,4.8e-30
Hartree energy in eV,27.211 386 245 981       0.000 000 000 030,,eV,27.211386245981,False,
hartree-hertz relationship,6.579 683 920 4999 e15,0.000 000 000 0072 e15,Hz,6579683920499900.0,False,7200.0
hartree-inverse meter relationship,2.194 746 313 6314 e7,0.000 000 000 0024 e7,m^-1,21947463.136314,False,2.4e-05
hartree-joule relationship,4.359 744 722 2060 e-18,0.000 000 000 0048 e-18,J,4.359744722206e-18,False,4.8e-30
hartree-kelvin relationship,3.157 750 248 0398 e5,0.000 000 000 0034 e5,K,315775.02480398,False,3.4e-07
hartree-kilogram relationship,4.850 870 209 5419 e-35,0.000 000 000 0053 e-35,kg,4.8508702095419e-35,False,5.3e-47
helion-electron mass ratio,5495.885 279 84          0.000 000 16,,,5495.88527984,False,
helion g factor,-4.255 250 6995          0.000 000 0034,,,-4.2552506995,False,
helion mag. mom.,-1.074 617 551 98 e-26,0.000 000 000 93 e-26,J T^-1,-1.07461755198e-26,False,9.3e-36
helion mag. mom. to Bohr magneton ratio,-1.158 740 980 83 e-3,0.000 000 000 94 e-3,,-0.00115874098083,False,9.4e-13
helion mag. mom. to nuclear magneton ratio,-2.127 625 3498          0.000 000 0017,,,-2.1276253498,False,
helion mass,5.006 412 7862 e-27,0.000 000 0016 e-27,kg,5.0064127862e-27,False,1.6e-36
helion mass energy equivalent,4.499 539 4185 e-10,0.000 000 0014 e-10,J,4.4995394185e-10,False,1.4e-19
helion mass energy equivalent in MeV,2808.391 611 12          0.000 000 88,,MeV,2808.39161112,False,
helion mass in u,3.014 932 246 932        0.000 000 000 074,,u,3.014932246932,False,
helion molar mass,3.014 932 250 10 e-3,0.000 000 000 94 e-3,kg mol^-1,0.0030149322501,False,9.4e-13
helion-proton mass ratio,2.993 152 671 552        0.000 000 000 070,,,2.993152671552,False,
helion relative atomic mass,3.014 932 246 932        0.000 000 000 074,,,3.014932246932,False,
helion shielding shift,5.996 7029 e-5,0.000 0023 e-5,,5.9967029e-05,False,2.3e-11
hertz-atomic mass unit relationship,4.439 821 6590 e-24,0.000 000 0014 e-24,u,4.439821659e-24,False,1.4e-33
hertz-electron volt relationship,4.135 667 696... e-15,(exact),eV,4.135667696e-15,True,
hertz-hartree relationship,1.519 829 846 0574 e-16,0.000 000 000 0017 e-16,E_h,1.5198298460574e-16,False,1.7e-28
hertz-inverse meter relationship,3.335 640 951... e-9,(exact),m^-1,3.335640951e-09,True,
hertz-joule relationship,6.626 070 15 e-34,(exact),J,6.62607015e-34,True,
hertz-kelvin relationship,4.799 243 073... e-11,(exact),K,4.799243073e-11,True,
hertz-kilogram relationship,7.372 497 323... e-51,(exact),kg,7.372497323e-51,True,
hyperfine transition frequency of Cs-133,9 192 631 770,(exact),Hz,9192631770.0,True,
inverse fine-structure constant,137.035 999 177          0.000 000 021,,,137.035999177,False,
inverse meter-atomic mass unit relationship,1.331 025 048 24 e-15,0.000 000 000 41 e-15,u,1.33102504824e-15,False,4.1e-25
inverse meter-electron volt relationship,1.239 841 984... e-6,(exact),eV,1.239841984e-06,True,
inverse meter-hartree relationship,4.556 335 252 9132 e-8,0.000 000 000 0050 e-8,E_h,4.5563352529132e-08,False,5e-20
inverse meter-hertz relationship,299 792 458,(exact),Hz,299792458.0,True,
inverse meter-joule relationship,1.986 445 857... e-25,(exact),J,1.986445857e-25,True,
inverse meter-kelvin relationship,1.438 776 877... e-2,(exact),K,0.01438776877,True,
inverse meter-kilogram relationship,2.210 219 094... e-42,(exact),kg,2.210219094e-42,True,
inverse of conductance quantum,12 906.403 72...,(exact),ohm,12906.40372,True,
Josephson constant,483 597.848 4... e9,(exact),Hz V^-1,483597848400000.0,True,
joule-atomic mass unit relationship,6.700 535 2471 e9,0.000 000 0021 e9,u,6700535247.1,False,2.1
joule-electron volt relationship,6.241 509 074... e18,(exact),eV,6.241509074e+18,True,
joule-hartree relationship,2.293 712 278 3969 e17,0.000 000 000 0025 e17,E_h,2.2937122783969e+17,False,250000.0
joule-hertz relationship,1.509 190 179... e33,(exact),Hz,1.509190179e+33,True,
joule-inverse meter relationship,5.034 116 567... e24,(exact),m^-1,5.034116567e+24,True,
joule-kelvin relationship,7.242 970 516... e22,(exact),K,7.242970516e+22,True,
joule-kilogram relationship,1.112 650 056... e-17,(exact),kg,1.112650056e-17,True,
kelvin-atomic mass unit relationship,9.251 087 2884 e-14,0.000 000 0029 e-14,u,9.2510872884e-14,False,2.9e-23
kelvin-electron volt relationship,8.617 333 262... e-5,(exact),eV,8.617333262e-05,True,
kelvin-hartree relationship,3.166 811 563 4564 e-6,0.000 000 000 0035 e-6,E_h,3.1668115634564e-06,False,3.5e-18
kelvin-hertz relationship,2.083 661 912... e10,(exact),Hz,20836619120.0,True,
kelvin-inverse meter relationship,69.503 480 04...,(exact),m^-1,69.50348004,True,
kelvin-joule relationship,1.380 649 e-23,(exact),J,1.380649e-23,True,
kelvin-kilogram relationship,1.536 179 187... e-40,(exact),kg,1.536179187e-40,True,
kilogram-atomic mass unit relationship,6.022 140 7537 e26,0.000 000 0019 e26,u,6.0221407537e+26,False,1.9e+17
kilogram-electron volt relationship,5.609 588 603... e35,(exact),eV,5.609588603e+35,True,
kilogram-hartree relationship,2.061 485 788 7415 e34,0.000 000 000 0022 e34,E_h,2.0614857887415e+34,False,2.2e+22
kilogram-hertz relationship,1.356 392 489... e50,(exact),Hz,1.356392489e+50,True,
kilogram-inverse meter relationship,4.524 438 335... e41,(exact),m^-1,4.524438335e+41,True,
kilogram-joule relationship,8.987 551 787... e16,(exact),J,8.987551787e+16,True,
kilogram-kelvin relationship,6.509 657 260... e39,(exact),K,6.50965726e+39,True,
lattice parameter of silicon,5.431 020 511 e-10,0.000 000 089 e-10,m,5.431020511e-10,False,8.9e-18
lattice spacing of ideal Si (220),1.920 155 716 e-10,0.000 000 032 e-10,m,1.920155716e-10,False,3.2e-18
"Loschmidt constant (273.15 K, 100 kPa)",2.651 645 804... e25,(exact),m^-3,2.651645804e+25,True,
"Loschmidt constant (273.15 K, 101.325 kPa)",2.686 780 111... e25,(exact),m^-3,2.686780111e+25,True,
luminous efficacy,683,(exact),lm W^-1,683.0,True,
mag. flux quantum,2.067 833 848... e-15,(exact),Wb,2.067833848e-15,True,
molar gas constant,8.314 462 618...,(exact),J mol^-1 K^-1,8.314462618,True,
molar mass constant,1.000 000 001 05 e-3,0.000 000 000 31 e-3,kg mol^-1,0.00100000000105,False,3.1e-13
molar mass of carbon-12,12.000 000 0126 e-3,0.000 000 0037 e-3,kg mol^-1,0.0120000000126,False,3.7e-12
molar Planck constant,3.990 312 712... e-10,(exact),J Hz^-1 mol^-1,3.990312712e-10,True,
"molar volume of ideal gas (273.15 K, 100 kPa)",22.710 954 64... e-3,(exact),m^3 mol^-1,0.02271095464,True,
"molar volume of ideal gas (273.15 K, 101.325 kPa)",22.413 969 54... e-3,(exact),m^3 mol^-1,0.02241396954,True,
molar volume of silicon,1.205 883 199 e-5,0.000 000 060 e-5,m^3 mol^-1,1.205883199e-05,False,6e-13
Molybdenum x unit,1.002 099 52 e-13,0.000 000 53 e-13,m,1.00209952e-13,False,5.3e-20
muon Compton wavelength,1.173 444 110 e-14,0.000 000 026 e-14,m,1.17344411e-14,False,2.6e-22
muon-electron mass ratio,206.768 2827             0.000 0046,,,206.7682827,False,
muon g factor,-2.002 331 841 23        0.000 000 000 82,,,-2.00233184123,False,
muon mag. mom.,-4.490 448 30 e-26,0.000 000 10 e-26,J T^-1,-4.4904483e-26,False,1e-33
muon mag. mom. anomaly,1.165 920 62 e-3,0.000 000 41 e-3,,0.00116592062,False,4.1e-10
muon mag. mom. to Bohr magneton ratio,-4.841 970 48 e-3,0.000 000 11 e-3,,-0.00484197048,False,1.1e-10
muon mag. mom. to nuclear magneton ratio,-8.890 597 04            0.000 000 20,,,-8.89059704,False,
muon mass,1.883 531 627 e-28,0.000 000 042 e-28,kg,1.883531627e-28,False,4.2e-36
muon mass energy equivalent,1.692 833 804 e-11,0.000 000 038 e-11,J,1.692833804e-11,False,3.8e-19
muon mass energy equivalent in MeV,105.658 3755             0.000 0023,,MeV,105.6583755,False,
muon mass in u,0.113 428 9257           0.000 000 0025,,u,0.1134289257,False,
muon molar mass,1.134 289 258 e-4,0.000 000 025 e-4,kg mol^-1,0.0001134289258,False,2.5e-12
muon-neutron mass ratio,0.112 454 5168           0.000 000 0025,,,0.1124545168,False,
muon-proton mag. mom. ratio,-3.183 345 146           0.000 000 071,,,-3.183345146,False,
muon-proton mass ratio,0.112 609 5262           0.000 000 0025,,,0.1126095262,False,
muon-tau mass ratio,5.946 35 e-2,0.000 40 e-2,,0.0594635,False,4e-06
natural unit of action,1.054 571 817... e-34,(exact),J s,1.054571817e-34,True,
natural unit of action in eV s,6.582 119 569... e-16,(exact),eV s,6.582119569e-16,True,
natural unit of energy,8.187 105 7880 e-14,0.000 000 0026 e-14,J,8.187105788e-14,False,2.6e-23
natural unit of energy in MeV,0.510 998 950 69         0.000 000 000 16,,MeV,0.51099895069,False,
natural unit of length,3.861 592 6744 e-13,0.000 000 0012 e-13,m,3.8615926744e-13,False,1.2e-22
natural unit of mass,9.109 383 7139 e-31,0.000 000 0028 e-31,kg,9.1093837139e-31,False,2.8e-40
natural unit of momentum,2.730 924 534 46 e-22,0.000 000 000 85 e-22,kg m s^-1,2.73092453446e-22,False,8.5e-32
natural unit of momentum in MeV/c,0.510 998 950 69         0.000 000 000 16,,MeV/c,0.51099895069,False,
natural unit of time,1.288 088 666 44 e-21,0.000 000 000 40 e-21,s,1.28808866644e-21,False,4e-31
natural unit of velocity,299 792 458,(exact),m s^-1,299792458.0,True,
neutron Compton wavelength,1.319 590 903 82 e-15,0.000 000 000 67 e-15,m,1.31959090382e-15,False,6.7e-25
neutron-electron mag. mom. ratio,1.040 668 84 e-3,0.000 000 24 e-3,,0.00104066884,False,2.4e-10
neutron-electron mass ratio,1838.683 662 00          0.000 000 74,,,1838.683662,False,
neutron g factor,-3.826 085 52            0.000 000 90,,,-3.82608552,False,
neutron gyromag. ratio,1.832 471 74 e8,0.000 000 43 e8,s^-1 T^-1,183247174.0,False,43.0
neutron gyromag. ratio in MHz/T,29.164 6935              0.000 0069,,MHz T^-1,29.1646935,False,
neutron mag. mom.,-9.662 3653 e-27,0.000 0023 e-27,J T^-1,-9.6623653e-27,False,2.3e-33
neutron mag. mom. to Bohr magneton ratio,-1.041 875 65 e-3,0.000 000 25 e-3,,-0.00104187565,False,2.5e-10
neutron mag. mom. to nuclear magneton ratio,-1.913 042 76            0.000 000 45,,,-1.91304276,False,
neutron mass,1.674 927 500 56 e-27,0.000 000 000 85 e-27,kg,1.67492750056e-27,False,8.5e-37
neutron mass energy equivalent,1.505 349 765 14 e-10,0.000 000 000 76 e-10,J,1.50534976514e-10,False,7.6e-20
neutron mass energy equivalent in MeV,939.565 421 94           0.000 000 48,,MeV,939.56542194,False,
neutron mass in u,1.008 664 916 06         0.000 000 000 40,,u,1.00866491606,False,
neutron molar mass,1.008 664 917 12 e-3,0.000 000 000 51 e-3,kg mol^-1,0.00100866491712,False,5.1e-13
neutron-muon mass ratio,8.892 484 08             0.000 000 20,,,8.89248408,False,
neutron-proton mag. mom. ratio,-0.684 979 35            0.000 000 16,,,-0.68497935,False,
neutron-proton mass difference,2.305 574 61 e-30,0.000 000 67 e-30,kg,2.30557461e-30,False,6.7e-37
neutron-proton mass difference energy equivalent,2.072 147 12 e-13,0.000 000 60 e-13,J,2.07214712e-13,False,6e-20
neutron-proton mass difference energy equivalent in MeV,1.293 332 51             0.000 000 38,,MeV,1.29333251,False,
neutron-proton mass difference in u,1.388 449 48 e-3,0.000 000 40 e-3,u,0.00138844948,False,4e-10
neutron-proton mass ratio,1.001 378 419 46         0.000 000 000 40,,,1.00137841946,False,
neutron relative atomic mass,1.008 664 916 06         0.000 000 000 40,,,1.00866491606,False,
neutron-tau mass ratio,0.528 779                0.000 036,,,0.528779,False,
neutron to shielded proton mag. mom. ratio,-0.684 996 94            0.000 000 16,,,-0.68499694,False,
Newtonian constant of gravitation,6.674 30 e-11,0.000 15 e-11,m^3 kg^-1 s^-2,6.6743e-11,False,1.5e-15
Newtonian constant of gravitation over h-bar c,6.708 83 e-39,0.000 15 e-39,(GeV/c^2)^-2,6.70883e-39,False,1.5e-43
nuclear magneton,5.050 783 7393 e-27,0.000 000 0016 e-27,J T^-1,5.0507837393e-27,False,1.6e-36
nuclear magneton in eV/T,3.152 451 254 17 e-8,0.000 000 000 98 e-8,eV T^-1,3.15245125417e-08,False,9.8e-18
nuclear magneton in inverse meter per tesla,2.542 623 410 09 e-2,0.000 000 000 79 e-2,m^-1 T^-1,0.0254262341009,False,7.9e-12
nuclear magneton in K/T,3.658 267 7706 e-4,0.000 000 0011 e-4,K T^-1,0.00036582677706,False,1.1e-13
nuclear magneton in MHz/T,7.622 593 2188           0.000 000 0024,,MHz T^-1,7.6225932188,False,
Planck constant,6.626 070 15 e-34,(exact),J Hz^-1,6.62607015e-34,True,
Planck constant in eV/Hz,4.135 667 696... e-15,(exact),eV Hz^-1,4.135667696e-15,True,
Planck length,1.616 255 e-35,0.000 018 e-35,m,1.616255e-35,False,1.8e-40
Planck mass,2.176 434 e-8,0.000 024 e-8,kg,2.176434e-08,False,2.4e-13
Planck mass energy equivalent in GeV,1.220 890 e19,0.000 014 e19,GeV,1.22089e+19,False,140000000000000.0
Planck temperature,1.416 784 e32,0.000 016 e32,K,1.416784e+32,False,1.6e+27
Planck time,5.391 247 e-44,0.000 060 e-44,s,5.391247e-44,False,6e-49
proton charge to mass quotient,9.578 833 1430 e7,0.000 000 0030 e7,C kg^-1,95788331.43,False,0.03
proton Compton wavelength,1.321 409 853 60 e-15,0.000 000 000 41 e-15,m,1.3214098536e-15,False,4.1e-25
proton-electron mass ratio,1836.152 673 426         0.000 000 032,,,1836.152673426,False,
proton g factor,5.585 694 6893           0.000 000 0016,,,5.5856946893,False,
proton gyromag. ratio,2.675 221 8708 e8,0.000 000 0011 e8,s^-1 T^-1,267522187.08,False,0.11
proton gyromag. ratio in MHz/T,42.577 478 461           0.000 000 018,,MHz T^-1,42.577478461,False,
proton mag. mom.,1.410 606 795 45 e-26,0.000 000 000 60 e-26,J T^-1,1.41060679545e-26,False,6e-36
proton mag. mom. to Bohr magneton ratio,1.521 032 202 30 e-3,0.000 000 000 45 e-3,,0.0015210322023,False,4.5e-13
proton mag. mom. to nuclear magneton ratio,2.792 847 344 63         0.000 000 000 82,,,2.79284734463,False,
proton mag. shielding correction,2.567 15 e-5,0.000 41 e-5,,2.56715e-05,False,4.1e-09
proton mass,1.672 621 925 95 e-27,0.000 000 000 52 e-27,kg,1.67262192595e-27,False,5.2e-37
proton mass energy equivalent,1.503 277 618 02 e-10,0.000 000 000 47 e-10,J,1.50327761802e-10,False,4.7e-20
proton mass energy equivalent in MeV,938.272 089 43           0.000 000 29,,MeV,938.27208943,False,
proton mass in u,1.007 276 466 5789       0.000 000 000 0083,,u,1.0072764665789,False,
proton molar mass,1.007 276 467 64 e-3,0.000 000 000 31 e-3,kg mol^-1,0.00100727646764,False,3.1e-13
proton-muon mass ratio,8.880 243 38             0.000 000 20,,,8.88024338,False,
proton-neutron mag. mom. ratio,-1.459 898 02            0.000 000 34,,,-1.45989802,False,
proton-neutron mass ratio,0.998 623 477 97         0.000 000 000 40,,,0.99862347797,False,
proton relative atomic mass,1.007 276 466 5789       0.000 000 000 0083,,,1.0072764665789,False,
proton rms charge radius,8.4075 e-16,0.0064 e-16,m,8.4075e-16,False,6.4e-19
proton-tau mass ratio,0.528 051                0.000 036,,,0.528051,False,
quantum of circulation,3.636 947 5467 e-4,0.000 000 0011 e-4,m^2 s^-1,0.00036369475467,False,1.1e-13
quantum of circulation times 2,7.273 895 0934 e-4,0.000 000 0023 e-4,m^2 s^-1,0.00072738950934,False,2.3e-13
reduced Compton wavelength,3.861 592 6744 e-13,0.000 000 0012 e-13,m,3.8615926744e-13,False,1.2e-22
reduced muon Compton wavelength,1.867 594 306 e-15,0.000 000 042 e-15,m,1.867594306e-15,False,4.2e-23
reduced neutron Compton wavelength,2.100 194 1520 e-16,0.000 000 0011 e-16,m,2.100194152e-16,False,1.1e-25
reduced Planck constant,1.054 571 817... e-34,(exact),J s,1.054571817e-34,True,
reduced Planck constant in eV s,6.582 119 569... e-16,(exact),eV s,6.582119569e-16,True,
reduced Planck constant times c in MeV fm,197.326 980 4...,(exact),MeV fm,197.3269804,True,
reduced proton Compton wavelength,2.103 089 100 51 e-16,0.000 000 000 66 e-16,m,2.10308910051e-16,False,6.6e-26
reduced tau Compton wavelength,1.110 538 e-16,0.000 075 e-16,m,1.110538e-16,False,7.5e-21
Rydberg constant,10 973 731.568 157       0.000 012,,m^-1,10973731.568157,False,
Rydberg constant times c in Hz,3.289 841 960 2500 e15,0.000 000 000 0036 e15,Hz,3289841960250000.0,False,3600.0
Rydberg constant times hc in eV,13.605 693 122 990       0.000 000 000 015,,eV,13.60569312299,False,
Rydberg constant times hc in J,2.179 872 361 1030 e-18,0.000 000 000 0024 e-18,J,2.179872361103e-18,False,2.4e-30
"Sackur-Tetrode constant (1 K, 100 kPa)",-1.151 707 534 96        0.000 000 000 47,,,-1.15170753496,False,
"Sackur-Tetrode constant (1 K, 101.325 kPa)",-1.164 870 521 49        0.000 000 000 47,,,-1.16487052149,False,
second radiation constant,1.438 776 877... e-2,(exact),m K,0.01438776877,True,
shielded helion gyromag. ratio,2.037 894 6078 e8,0.000 000 0018 e8,s^-1 T^-1,203789460.78,False,0.18
shielded helion gyromag. ratio in MHz/T,32.434 100 033           0.000 000 028,,MHz T^-1,32.434100033,False,
shielded helion mag. mom.,-1.074 553 110 35 e-26,0.000 000 000 93 e-26,J T^-1,-1.07455311035e-26,False,9.3e-36
shielded helion mag. mom. to Bohr magneton ratio,-1.158 671 494 57 e-3,0.000 000 000 94 e-3,,-0.00115867149457,False,9.4e-13
shielded helion mag. mom. to nuclear magneton ratio,-2.127 497 7624          0.000 000 0017,,,-2.1274977624,False,
shielded helion to proton mag. mom. ratio,-0.761 766 577 21        0.000 000 000 66,,,-0.76176657721,False,
shielded helion to shielded proton mag. mom. ratio,-0.761 786 1334          0.000 000 0031,,,-0.7617861334,False,
shielded proton gyromag. ratio,2.675 153 194 e8,0.000 000 011 e8,s^-1 T^-1,267515319.4,False,1.1
shielded proton gyromag. ratio in MHz/T,42.576 385 43            0.000 000 17,,MHz T^-1,42.57638543,False,
shielded proton mag. mom.,1.410 570 5830 e-26,0.000 000 0058 e-26,J T^-1,1.410570583e-26,False,5.8e-35
shielded proton mag. mom. to Bohr magneton ratio,1.520 993 1551 e-3,0.000 000 0062 e-3,,0.0015209931551,False,6.2e-12
shielded proton mag. mom. to nuclear magneton ratio,2.792 775 648            0.000 000 011,,,2.792775648,False,
shielding difference of d and p in HD,1.987 70 e-8,0.000 10 e-8,,1.9877e-08,False,1e-12
shielding difference of t and p in HT,2.394 50 e-8,0.000 20 e-8,,2.3945e-08,False,2e-12
speed of light in vacuum,299 792 458,(exact),m s^-1,299792458.0,True,
standard acceleration of gravity,9.806 65,(exact),m s^-2,9.80665,True,
standard atmosphere,101 325,(exact),Pa,101325.0,True,
standard-state pressure,100 000,(exact),Pa,100000.0,True,
Stefan-Boltzmann constant,5.670 374 419... e-8,(exact),W m^-2 K^-4,5.670374419e-08,True,
tau Compton wavelength,6.977 71 e-16,0.000 47 e-16,m,6.97771e-16,False,4.7e-20
tau-electron mass ratio,3477.23                  0.23,,,3477.23,False,
tau energy equivalent,1776.86                  0.12,,MeV,1776.86,False,
tau mass,3.167 54 e-27,0.000 21 e-27,kg,3.16754e-27,False,2.1e-31
tau mass energy equivalent,2.846 84 e-10,0.000 19 e-10,J,2.84684e-10,False,1.9e-14
tau mass in u,1.907 54                 0.000 13,,u,1.90754,False,
tau molar mass,1.907 54 e-3,0.000 13 e-3,kg mol^-1,0.00190754,False,1.3e-07
tau-muon mass ratio,16.8170                  0.0011,,,16.817,False,
tau-neutron mass ratio,1.891 15                 0.000 13,,,1.89115,False,
tau-proton mass ratio,1.893 76                 0.000 13,,,1.89376,False,
Thomson cross section,6.652 458 7051 e-29,0.000 000 0062 e-29,m^2,6.6524587051e-29,False,6.2e-38
triton-electron mass ratio,5496.921 535 51          0.000 000 21,,,5496.92153551,False,
triton g factor,5.957 924 930            0.000 000 012,,,5.95792493,False,
triton mag. mom.,1.504 609 5178 e-26,0.000 000 0030 e-26,J T^-1,1.5046095178e-26,False,3e-35
triton mag. mom. to Bohr magneton ratio,1.622 393 6648 e-3,0.000 000 0032 e-3,,0.0016223936648,False,3.2e-12
triton mag. mom. to nuclear magneton ratio,2.978 962 4650           0.000 000 0059,,,2.978962465,False,
triton mass,5.007 356 7512 e-27,0.000 000 0016 e-27,kg,5.0073567512e-27,False,1.6e-36
triton mass energy equivalent,4.500 387 8119 e-10,0.000 000 0014 e-10,J,4.5003878119e-10,False,1.4e-19
triton mass energy equivalent in MeV,2808.921 136 68          0.000 000 88,,MeV,2808.92113668,False,
triton mass in u,3.015 500 715 97         0.000 000 000 10,,u,3.01550071597,False,
triton molar mass,3.015 500 719 13 e-3,0.000 000 000 94 e-3,kg mol^-1,0.00301550071913,False,9.4e-13
triton-proton mass ratio,2.993 717 034 03         0.000 000 000 10,,,2.99371703403,False,
triton relative atomic mass,3.015 500 715 97         0.000 000 000 10,,,3.01550071597,False,
triton to proton mag. mom. ratio,1.066 639 9189           0.000 000 0021,,,1.0666399189,False,
unified atomic mass unit,1.660 539 068 92 e-27,0.000 000 000 52 e-27,kg,1.66053906892e-27,False,5.2e-37
vacuum electric permittivity,8.854 187 8188 e-12,0.000 000 0014 e-12,F m^-1,8.8541878188e-12,False,1.4e-21
vacuum mag. permeability,1.256 637 061 27 e-6,0.000 000 000 20 e-6,N A^-2,1.25663706127e-06,False,2e-16
von Klitzing constant,25 812.807 45...,(exact),ohm,25812.80745,True,
weak mixing angle,0.223 05                 0.000 23,,,0.22305,False,
Wien frequency displacement law constant,5.878 925 757... e10,(exact),Hz K^-1,58789257570.0,True,
Wien wavelength displacement law constant,2.897 771 955... e-3,(exact),m K,0.002897771955,True,
W to Z mass ratio,0.881 45                 0.000,13,,0.88145,False,13.0
