[
  {
    "NuclideID":"U-235",
    "AtomicNumber_Z":92,
    "MassNumber_A":235,
    "ElementSymbol":"U",
    "IsomerState":"ground",
    "HalfLife_seconds":"",
    "HalfLife_Units":"s",
    "DecayModes":"\u03b1; sf",
    "DominantDecayFraction":null,
    "QValue_MeV":null,
    "MassExcess_MeV":null,
    "Abundance_Natural":0.0072,
    "DataSource":"NNDC NuDat3 (to fill)",
    "LastUpdated":"2025-10-18"
  },
  {
    "NuclideID":"C-12",
    "AtomicNumber_Z":6,
    "MassNumber_A":12,
    "ElementSymbol":"C",
    "IsomerState":"ground",
    "HalfLife_seconds":"stable",
    "HalfLife_Units":"",
    "DecayModes":"",
    "DominantDecayFraction":null,
    "QValue_MeV":0.0,
    "MassExcess_MeV":null,
    "Abundance_Natural":0.9893,
    "DataSource":"IUPAC\/NIST (to fill)",
    "LastUpdated":"2025-10-18"
  }
]