nuclide,q_mev,xi_curvature_proxy
Angstrom star,,
Avogadro constant,,
Bohr magneton,,
Bohr magneton in Hz/T,,
Bohr magneton in K/T,,
Bohr magneton in eV/T,,
Bohr magneton in inverse meter per tesla,,
Bohr radius,,
Boltzmann constant,,
Boltzmann constant in Hz/K,,
Boltzmann constant in eV/K,,
Boltzmann constant in inverse meter per kelvin,,
Compton wavelength,,
Copper x unit,,
Faraday constant,,
Fermi coupling constant,,
Hartree energy,,
Hartree energy in eV,,
Josephson constant,,
"Loschmidt constant (273.15 K, 100 kPa)",,
"Loschmidt constant (273.15 K, 101.325 kPa)",,
Molybdenum x unit,,
Newtonian constant of gravitation,,
Newtonian constant of gravitation over h-bar c,,
Planck constant,,
Planck constant in eV/Hz,,
Planck length,,
Planck mass,,
Planck mass energy equivalent in GeV,,
Planck temperature,,
Planck time,,
Rydberg constant,,
Rydberg constant times c in Hz,,
Rydberg constant times hc in J,,
Rydberg constant times hc in eV,,
"Sackur-Tetrode constant (1 K, 100 kPa)",,
"Sackur-Tetrode constant (1 K, 101.325 kPa)",,
Stefan-Boltzmann constant,,
Thomson cross section,,
W to Z mass ratio,,
Wien frequency displacement law constant,,
Wien wavelength displacement law constant,,
alpha particle mass,,
alpha particle mass energy equivalent,,
alpha particle mass energy equivalent in MeV,,
alpha particle mass in u,,
alpha particle molar mass,,
alpha particle relative atomic mass,,
alpha particle rms charge radius,,
alpha particle-electron mass ratio,,
alpha particle-proton mass ratio,,
atomic mass constant,,
atomic mass constant energy equivalent,,
atomic mass constant energy equivalent in MeV,,
atomic mass unit-electron volt relationship,,
atomic mass unit-hartree relationship,,
atomic mass unit-hertz relationship,,
atomic mass unit-inverse meter relationship,,
atomic mass unit-joule relationship,,
atomic mass unit-kelvin relationship,,
atomic mass unit-kilogram relationship,,
atomic unit of 1st hyperpolarizability,,
atomic unit of 2nd hyperpolarizability,,
atomic unit of action,,
atomic unit of charge,,
atomic unit of charge density,,
atomic unit of current,,
atomic unit of electric dipole mom.,,
atomic unit of electric field,,
atomic unit of electric field gradient,,
atomic unit of electric polarizability,,
atomic unit of electric potential,,
atomic unit of electric quadrupole mom.,,
atomic unit of energy,,
atomic unit of force,,
atomic unit of length,,
atomic unit of mag. dipole mom.,,
atomic unit of mag. flux density,,
atomic unit of magnetizability,,
atomic unit of mass,,
atomic unit of momentum,,
atomic unit of permittivity,,
atomic unit of time,,
atomic unit of velocity,,
characteristic impedance of vacuum,,
classical electron radius,,
conductance quantum,,
conventional value of Josephson constant,,
conventional value of ampere-90,,
conventional value of coulomb-90,,
conventional value of farad-90,,
conventional value of henry-90,,
conventional value of ohm-90,,
conventional value of volt-90,,
conventional value of von Klitzing constant,,
conventional value of watt-90,,
deuteron g factor,,
deuteron mag. mom.,,
deuteron mag. mom. to Bohr magneton ratio,,
deuteron mag. mom. to nuclear magneton ratio,,
deuteron mass,,
deuteron mass energy equivalent,,
deuteron mass energy equivalent in MeV,,
deuteron mass in u,,
deuteron molar mass,,
deuteron relative atomic mass,,
deuteron rms charge radius,,
deuteron-electron mag. mom. ratio,,
deuteron-electron mass ratio,,
deuteron-neutron mag. mom. ratio,,
deuteron-proton mag. mom. ratio,,
deuteron-proton mass ratio,,
electron charge to mass quotient,,
electron g factor,,
electron gyromag. ratio,,
electron gyromag. ratio in MHz/T,,
electron mag. mom.,,
electron mag. mom. anomaly,,
electron mag. mom. to Bohr magneton ratio,,
electron mag. mom. to nuclear magneton ratio,,
electron mass,,
electron mass energy equivalent,,
electron mass energy equivalent in MeV,,
electron mass in u,,
electron molar mass,,
electron relative atomic mass,,
electron to alpha particle mass ratio,,
electron to shielded helion mag. mom. ratio,,
electron to shielded proton mag. mom. ratio,,
electron volt,,
electron volt-atomic mass unit relationship,,
electron volt-hartree relationship,,
electron volt-hertz relationship,,
electron volt-inverse meter relationship,,
electron volt-joule relationship,,
electron volt-kelvin relationship,,
electron volt-kilogram relationship,,
electron-deuteron mag. mom. ratio,,
electron-deuteron mass ratio,,
electron-helion mass ratio,,
electron-muon mag. mom. ratio,,
electron-muon mass ratio,,
electron-neutron mag. mom. ratio,,
electron-neutron mass ratio,,
electron-proton mag. mom. ratio,,
electron-proton mass ratio,,
electron-tau mass ratio,,
electron-triton mass ratio,,
elementary charge,,
elementary charge over h-bar,,
fine-structure constant,,
first radiation constant,,
first radiation constant for spectral radiance,,
hartree-atomic mass unit relationship,,
hartree-electron volt relationship,,
hartree-hertz relationship,,
hartree-inverse meter relationship,,
hartree-joule relationship,,
hartree-kelvin relationship,,
hartree-kilogram relationship,,
helion g factor,,
helion mag. mom.,,
helion mag. mom. to Bohr magneton ratio,,
helion mag. mom. to nuclear magneton ratio,,
helion mass,,
helion mass energy equivalent,,
helion mass energy equivalent in MeV,,
helion mass in u,,
helion molar mass,,
helion relative atomic mass,,
helion shielding shift,,
helion-electron mass ratio,,
helion-proton mass ratio,,
hertz-atomic mass unit relationship,,
hertz-electron volt relationship,,
hertz-hartree relationship,,
hertz-inverse meter relationship,,
hertz-joule relationship,,
hertz-kelvin relationship,,
hertz-kilogram relationship,,
hyperfine transition frequency of Cs-133,,
inverse fine-structure constant,,
inverse meter-atomic mass unit relationship,,
inverse meter-electron volt relationship,,
inverse meter-hartree relationship,,
inverse meter-hertz relationship,,
inverse meter-joule relationship,,
inverse meter-kelvin relationship,,
inverse meter-kilogram relationship,,
inverse of conductance quantum,,
joule-atomic mass unit relationship,,
joule-electron volt relationship,,
joule-hartree relationship,,
joule-hertz relationship,,
joule-inverse meter relationship,,
joule-kelvin relationship,,
joule-kilogram relationship,,
kelvin-atomic mass unit relationship,,
kelvin-electron volt relationship,,
kelvin-hartree relationship,,
kelvin-hertz relationship,,
kelvin-inverse meter relationship,,
kelvin-joule relationship,,
kelvin-kilogram relationship,,
kilogram-atomic mass unit relationship,,
kilogram-electron volt relationship,,
kilogram-hartree relationship,,
kilogram-hertz relationship,,
kilogram-inverse meter relationship,,
kilogram-joule relationship,,
kilogram-kelvin relationship,,
lattice parameter of silicon,,
lattice spacing of ideal Si (220),,
luminous efficacy,,
mag. flux quantum,,
molar Planck constant,,
molar gas constant,,
molar mass constant,,
molar mass of carbon-12,,
"molar volume of ideal gas (273.15 K, 100 kPa)",,
"molar volume of ideal gas (273.15 K, 101.325 kPa)",,
molar volume of silicon,,
muon Compton wavelength,,
muon g factor,,
muon mag. mom.,,
muon mag. mom. anomaly,,
muon mag. mom. to Bohr magneton ratio,,
muon mag. mom. to nuclear magneton ratio,,
muon mass,,
muon mass energy equivalent,,
muon mass energy equivalent in MeV,,
muon mass in u,,
muon molar mass,,
muon-electron mass ratio,,
muon-neutron mass ratio,,
muon-proton mag. mom. ratio,,
muon-proton mass ratio,,
muon-tau mass ratio,,
natural unit of action,,
natural unit of action in eV s,,
natural unit of energy,,
natural unit of energy in MeV,,
natural unit of length,,
natural unit of mass,,
natural unit of momentum,,
natural unit of momentum in MeV/c,,
natural unit of time,,
natural unit of velocity,,
neutron Compton wavelength,,
neutron g factor,,
neutron gyromag. ratio,,
neutron gyromag. ratio in MHz/T,,
neutron mag. mom.,,
neutron mag. mom. to Bohr magneton ratio,,
neutron mag. mom. to nuclear magneton ratio,,
neutron mass,,
neutron mass energy equivalent,,
neutron mass energy equivalent in MeV,,
neutron mass in u,,
neutron molar mass,,
neutron relative atomic mass,,
neutron to shielded proton mag. mom. ratio,,
neutron-electron mag. mom. ratio,,
neutron-electron mass ratio,,
neutron-muon mass ratio,,
neutron-proton mag. mom. ratio,,
neutron-proton mass difference,,
neutron-proton mass difference energy equivalent,,
neutron-proton mass difference energy equivalent in MeV,,
neutron-proton mass difference in u,,
neutron-proton mass ratio,,
neutron-tau mass ratio,,
nuclear magneton,,
nuclear magneton in K/T,,
nuclear magneton in MHz/T,,
nuclear magneton in eV/T,,
nuclear magneton in inverse meter per tesla,,
proton Compton wavelength,,
proton charge to mass quotient,,
proton g factor,,
proton gyromag. ratio,,
proton gyromag. ratio in MHz/T,,
proton mag. mom.,,
proton mag. mom. to Bohr magneton ratio,,
proton mag. mom. to nuclear magneton ratio,,
proton mag. shielding correction,,
proton mass,,
proton mass energy equivalent,,
proton mass energy equivalent in MeV,,
proton mass in u,,
proton molar mass,,
proton relative atomic mass,,
proton rms charge radius,,
proton-electron mass ratio,,
proton-muon mass ratio,,
proton-neutron mag. mom. ratio,,
proton-neutron mass ratio,,
proton-tau mass ratio,,
quantum of circulation,,
quantum of circulation times 2,,
reduced Compton wavelength,,
reduced Planck constant,,
reduced Planck constant in eV s,,
reduced Planck constant times c in MeV fm,,
reduced muon Compton wavelength,,
reduced neutron Compton wavelength,,
reduced proton Compton wavelength,,
reduced tau Compton wavelength,,
second radiation constant,,
shielded helion gyromag. ratio,,
shielded helion gyromag. ratio in MHz/T,,
shielded helion mag. mom.,,
shielded helion mag. mom. to Bohr magneton ratio,,
shielded helion mag. mom. to nuclear magneton ratio,,
shielded helion to proton mag. mom. ratio,,
shielded helion to shielded proton mag. mom. ratio,,
shielded proton gyromag. ratio,,
shielded proton gyromag. ratio in MHz/T,,
shielded proton mag. mom.,,
shielded proton mag. mom. to Bohr magneton ratio,,
shielded proton mag. mom. to nuclear magneton ratio,,
shielding difference of d and p in HD,,
shielding difference of t and p in HT,,
speed of light in vacuum,,
standard acceleration of gravity,,
standard atmosphere,,
standard-state pressure,,
tau Compton wavelength,,
tau energy equivalent,,
tau mass,,
tau mass energy equivalent,,
tau mass in u,,
tau molar mass,,
tau-electron mass ratio,,
tau-muon mass ratio,,
tau-neutron mass ratio,,
tau-proton mass ratio,,
triton g factor,,
triton mag. mom.,,
triton mag. mom. to Bohr magneton ratio,,
triton mag. mom. to nuclear magneton ratio,,
triton mass,,
triton mass energy equivalent,,
triton mass energy equivalent in MeV,,
triton mass in u,,
triton molar mass,,
triton relative atomic mass,,
triton to proton mag. mom. ratio,,
triton-electron mass ratio,,
triton-proton mass ratio,,
unified atomic mass unit,,
vacuum electric permittivity,,
vacuum mag. permeability,,
von Klitzing constant,,
weak mixing angle,,
,,
,0.0,
