{
  "checkpoint_id": "LoC_Checkpoint_2025-10-18T145959Z",
  "created_utc": "2025-10-18T14:59:59.566722+00:00",
  "summary": {
    "file_count": 13,
    "total_size_bytes": 4213228
  },
  "files": [
    {
      "path": "/mnt/data/960e57e6-1602-470d-b0cc-f756c1940368.nb",
      "size_bytes": 438717,
      "mtime_utc": "2025-10-18T14:59:57.186750+00:00",
      "sha256": "d96c3a088a92f828189aa91792ee8c99ae8af61a5754b37b9cc366f1a2a873e7"
    },
    {
      "path": "/mnt/data/Law of coherence .zip",
      "size_bytes": 1316020,
      "mtime_utc": "2025-10-18T14:59:57.927190+00:00",
      "sha256": "5eb321ec89f5c3cfac702593faa3d4f851c89e3d73308ac84741a0ee8f319370"
    },
    {
      "path": "/mnt/data/Noetica.zip",
      "size_bytes": 2394568,
      "mtime_utc": "2025-10-18T14:59:58.925392+00:00",
      "sha256": "3f1dd54cebd877cf262bc4f662fb0b8618b4c0dd450dfd688ce58df9037a4171"
    },
    {
      "path": "/mnt/data/coherence_gravity_theorem.md",
      "size_bytes": 4022,
      "mtime_utc": "2025-10-18T14:59:58.918353+00:00",
      "sha256": "25b65f6cf265237e41e054e5c5262fd72b0601356ae4318b1c5fca381de1b166"
    },
    {
      "path": "/mnt/data/glyph_manifold_canvas_v_1.md",
      "size_bytes": 8278,
      "mtime_utc": "2025-10-18T14:59:58.725706+00:00",
      "sha256": "76f1030eb9532cc030500b369641ae36a588ad4444eee3fc3350f627657f7797"
    },
    {
      "path": "/mnt/data/glyph_manifold_mapping.md",
      "size_bytes": 5316,
      "mtime_utc": "2025-10-18T14:59:58.918504+00:00",
      "sha256": "081233cf8a2a13be7731336b6c9c096c801fafb7495656df67c2852951ea673d"
    },
    {
      "path": "/mnt/data/glyph_manifold_v_2_simulation_compendium.md",
      "size_bytes": 7458,
      "mtime_utc": "2025-10-18T14:59:58.922837+00:00",
      "sha256": "75b5e786c3e33e11dcc46aedc415a0f51b94372520c84817ee767a8b202e8f4d"
    },
    {
      "path": "/mnt/data/law_of_coherence_theorem_compendium_v_6_0_a.md",
      "size_bytes": 5392,
      "mtime_utc": "2025-10-18T14:59:58.743677+00:00",
      "sha256": "ec365df4fa02bcc8f6c22dad11adf1cd3aadb0c8f74c817d0d8d55f5bb5ff371"
    },
    {
      "path": "/mnt/data/law_of_coherence_theorem_compendium_v_6_0_e.md",
      "size_bytes": 4510,
      "mtime_utc": "2025-10-18T14:59:58.917801+00:00",
      "sha256": "96f14882cef335acf6f71fbec202fae9ebe94224243e58a0962cc183245048db"
    },
    {
      "path": "/mnt/data/law_of_coherence_theorem_compendium_v_6_0_m.md",
      "size_bytes": 6096,
      "mtime_utc": "2025-10-18T14:59:58.517680+00:00",
      "sha256": "6265cf42ce553c49a16bae4a22e3aab74ded8de28905a9fcb3e80822b9acd639"
    },
    {
      "path": "/mnt/data/law_of_coherence_v_5_foundations.md",
      "size_bytes": 6594,
      "mtime_utc": "2025-10-18T14:59:58.725188+00:00",
      "sha256": "570d2c614826ef0370a1eaca61a85fecc0aed1a6ad9f306ae785be54f8ee51da"
    },
    {
      "path": "/mnt/data/noetica_linguistics_atlas_v_4.md",
      "size_bytes": 8415,
      "mtime_utc": "2025-10-18T14:59:58.923440+00:00",
      "sha256": "2416bc16a46f0d7f12d65883fcaed0a067f3f61b72cbb699474940edc6e13bcc"
    },
    {
      "path": "/mnt/data/resonant_field_theory_v_4_thesis.md",
      "size_bytes": 7842,
      "mtime_utc": "2025-10-18T14:59:58.724485+00:00",
      "sha256": "c81cdda493fbdb0033a862d17f70d6dfba7e3c5226f7e731ee9bdc70b693675d"
    }
  ],
  "notes": {
    "canvases": [
      "Glyph Manifold V3 (code/python)",
      "Glyph Manifold V3.1 \u2014 System & Validation (document)",
      "Law of Coherence \u2014 Multimodal Mathematics (document)",
      "Noetica \u2014 Multimodal Framework (document)"
    ],
    "pipelines": [
      "vortex_detector.py v2.6",
      "validation_models.py + run_validation.py (v1)",
      "validation_models_v2.py + run_validation_v2.py (v2)",
      "run_pv_compare.py (v1)"
    ],
    "acceptance_criteria": [
      "rho_affine >= 0.9 (energy & dipole)",
      "RMSE <= 0.15 (normalized)",
      "Changepoint detected (optional gate)",
      "Bootstrap CI width(k) <= 0.35 (if bootstrapping enabled)"
    ]
  }
}