Form,Glyph ID,Role,R_value,Meaning
noe,GLYPH_NOE,Ω,0.95,Coherence / field integrity
coherare,GLYPH_COHER,Δ,0.94,Align phases / cohere
fractura,GLYPH_FRACT,Ψ,0.87,Break in coherence
pha,GLYPH_PHASE,Ψ,0.93,Phase angle / oscillation
cam,GLYPH_FIELD,Ω,0.94,Field or domain
lux,GLYPH_LIGHT,Ψ,0.97,Photon or phase-light field
anima,GLYPH_SPIRIT,Ψ,0.98,Self-field / coherent awareness
vita,GLYPH_LIFE,Ω,0.96,Sustaining structured coherence
machina,GLYPH_MACHINE,Δ,0.84,Mechanized coherence agent
memoria,GLYPH_MEMORY,Ω,0.95,Stable field memory
