{
  "c": {
    "value": 299792458.0,
    "unit": "m s^-1",
    "rel_unc": 0.0
  },
  "h": {
    "value": 6.62607015e-34,
    "unit": "J s",
    "rel_unc": 0.0
  },
  "hbar": {
    "value": 1.054571817e-34,
    "unit": "J s",
    "rel_unc": 0.0
  },
  "e": {
    "value": 1.602176634e-19,
    "unit": "C",
    "rel_unc": 0.0
  },
  "kB": {
    "value": 1.380649e-23,
    "unit": "J K^-1",
    "rel_unc": 0.0
  },
  "mu0": {
    "value": 1.25663706127e-06,
    "unit": "N A^-2",
    "rel_unc": 1.6e-10
  },
  "eps0": {
    "value": 8.8541878188e-12,
    "unit": "F m^-1",
    "rel_unc": 1.6e-10
  },
  "Z0": {
    "value": 376.730313412,
    "unit": "ohm",
    "rel_unc": 1.6e-10
  },
  "alpha": {
    "value": 0.0072973525643,
    "unit": "",
    "rel_unc": 1.6e-10
  }
}