Symbol,Dir,TailMeanR,RC,1-chi,gap_dk,NetWinding,Defects,GlyphSeq
He,artifacts/glyph_runs/He.GlyphPDE.05aee1fe,0.426089,0.0196,0.95,8.885765876316732,-6,1906,⊕
Ne,artifacts/glyph_runs/Ne.GlyphPDE.3ae34af1,0.417839,0.0495,0.94,13.328648814475097,-3,2027,⊕
Li,artifacts/glyph_runs/Li.GlyphPDE.c538bdc6,0.424384,0.287,0.88,13.328648814475097,-2,1864,⊕↻
Be,artifacts/glyph_runs/Be.GlyphPDE.e2eb42f9,0.426432,0.35,0.8,17.771531752633464,1,1831,⊕↻
B,artifacts/glyph_runs/B.GlyphPDE.a5b5a8f4,0.428886,0.36,0.75,8.885765876316732,3,1903,⊕↻
N,artifacts/glyph_runs/N.GlyphPDE.19af03ea,0.420391,0.3,0.9,13.328648814475097,-2,1824,⊕↻
O,artifacts/glyph_runs/O.GlyphPDE.f9141f65,0.426582,0.484,0.91,8.885765876316732,-6,1866,⊕↻
F,artifacts/glyph_runs/F.GlyphPDE.12a5cce2,0.425272,0.322,0.93,17.771531752633464,3,1823,⊕↻
