{
  "version": "4.1",
  "engine_name": "Glyph Manifold OS",
  "features": {
    "symbolic_mapping": true,
    "particle_roles": true,
    "dynamic_sigma_v": true,
    "bosch_hale_tables": true,
    "MHD_B_fields": true,
    "AMR_tiling": true,
    "codes_v31_legality": true,
    "temporal_prime_gate": true,
    "multimodal_legality": true,
    "echo_feedback_calibrator": true,
    "biotic_resonance_logic": true,
    "hepmc_decoder": true,
    "symbolic_topology_matcher": true,
    "spectral_metrics_bus": true,
    "PDE_benchmarking": true,
    "scenario_bundles": true,
    "dataset_integrators": true
  },
  "sources": {
    "cern_data": "cern_reference_fields.npz",
    "sim_data": "sim_output_theta.npz",
    "symbolic_map": "ARCA23K_tag_glyph_mapping.json",
    "fusion_tables": "bosch_hale_tabulated_rates.json",
    "nist_constants": "nist_atomic_nuclear_constants_subset.json",
    "hepmc_index_files": [
      "mc16_13TeV_MC_301000_13tev_PowhegPythia8EvtGen_AZNLOCTEQ6L1_DYee_120M180_hepmc_file_index.json",
      "mc16_13TeV_MC_301001_13tev_PowhegPythia8EvtGen_AZNLOCTEQ6L1_DYee_180M250_hepmc_file_index.json"
    ]
  },
  "output": {
    "log_file": "glyphmanifold_v4.1.log",
    "spectral_metrics": "spectral_diagnostics_v4.1.json",
    "symbolic_overlays": "glyph_overlay_events.json",
    "emission_history": "emission_feedback_log.json"
  }
}