{
  "schema": "GMOS.DATASET.THETA_NPZ.v1",
  "id": "theta_and_metrics_v3_rk2_fft_stable",
  "filename": "theta_and_metrics_v3_rk2_fft_stable.npz",
  "sha256": "345b341bc693cd45466e333f05d403e673a28e7b7565495af79a880e43b61af0",
  "shape": {
    "T": 240,
    "Y": 192,
    "X": 192
  },
  "runtime_params": {
    "dx": 1.0,
    "dt": 0.1,
    "mu": 0.6,
    "gamma": 0.08,
    "beta": 0.7,
    "phase_drive": {
      "A": 0.35,
      "omega_rad_per_step": 0.08
    },
    "rng_seed": 20251024
  },
  "arrays": [
    "theta(float32)",
    "t(float64)",
    "C(float64)",
    "E_dirichlet(float64)",
    "H1_sq(float64)",
    "H2_sq(float64)"
  ],
  "fits": {
    "alphaE_p95": "(from NPZ)",
    "alphaH1_p95": "(from NPZ)",
    "alphaH2_p95": "(from NPZ)"
  },
  "coverage": {
    "covE_p95": "(from NPZ)",
    "covH1_p95": "(from NPZ)",
    "covH2_p95": "(from NPZ)"
  },
  "notes": [
    "Periodic BCs, FFT Laplacian grid, RK2 (Heun)."
  ]
}