{
  "lanes": 8,
  "total_reads": 1000,
  "wall_elapsed_s": 0.014075994491577148,
  "sum_lane_reads_per_s": 577110.8985028588,
  "lane_stats": [
    {
      "reads": 130,
      "elapsed_s": 0.0019335746765136719,
      "reads_per_s": 67232.98643649815
    },
    {
      "reads": 130,
      "elapsed_s": 0.0016682147979736328,
      "reads_per_s": 77927.61469201086
    },
    {
      "reads": 130,
      "elapsed_s": 0.001947164535522461,
      "reads_per_s": 66763.74678584548
    },
    {
      "reads": 130,
      "elapsed_s": 0.0018970966339111328,
      "reads_per_s": 68525.76599220812
    },
    {
      "reads": 120,
      "elapsed_s": 0.0015790462493896484,
      "reads_per_s": 75995.24082741959
    },
    {
      "reads": 120,
      "elapsed_s": 0.0016374588012695312,
      "reads_per_s": 73284.2865463017
    },
    {
      "reads": 120,
      "elapsed_s": 0.0015594959259033203,
      "reads_per_s": 76947.94068185292
    },
    {
      "reads": 120,
      "elapsed_s": 0.0017037391662597656,
      "reads_per_s": 70433.31654072208
    }
  ]
}