{
  "bundles": [
    "/mnt/data/GMOS_bundles/GMOS_RUN__20251024__R001__artifacts.zip",
    "/mnt/data/GMOS_bundles/GMOS_RUN__20251024__R002__artifacts.zip",
    "/mnt/data/GMOS_bundles/GMOS_RUN__20251024__R003__artifacts.zip",
    "/mnt/data/GMOS_bundles/GMOS_RUN__20251024__R004__artifacts.zip",
    "/mnt/data/GMOS_bundles/GMOS_RUN__20251024__R005__artifacts.zip",
    "/mnt/data/GMOS_bundles/GMOS_RUN__20251024__R006__artifacts.zip",
    "/mnt/data/GMOS_bundles/GMOS_RUN__20251024__R007__artifacts.zip",
    "/mnt/data/GMOS_bundles/GMOS_RUN__20251024__R008__artifacts.zip"
  ],
  "files": {
    "R001": [
      {
        "name": "GMOS_CONSTANTS__20251024__R001__constants_snapshot.json",
        "md5": "4d5b8baddf1b05d6b678c9099bbccf87",
        "size": 770
      },
      {
        "name": "GMOS_CONSTANTS__20251024__R001__identity_checks.json",
        "md5": "ba4b5500604e64f8cd73709763074da5",
        "size": 168
      },
      {
        "name": "GMOS_CONSTANTS__20251024__R001__run_report.txt",
        "md5": "54a348dd83f1af78d2eb9274d2e19392",
        "size": 292
      }
    ],
    "R002": [
      {
        "name": "GMOS_PDE_CGL2D__20251024__R002__metrics.json",
        "md5": "5e7b251bf2062ddefde9d0079636f802",
        "size": 130
      },
      {
        "name": "GMOS_PDE_CGL2D__20251024__R002__scaling.json",
        "md5": "0300a352482aaa40ba9f17ba330ada77",
        "size": 221
      },
      {
        "name": "GMOS_PDE_GPE2D__20251024__R002__metrics.json",
        "md5": "0b932d67fd2e512d884ba4f366de151f",
        "size": 148
      },
      {
        "name": "GMOS_PDE_GPE2D__20251024__R002__scaling.json",
        "md5": "aa79a4f293553ab5cd81e6557fcaf187",
        "size": 210
      }
    ],
    "R003": [
      {
        "name": "GMOS_ARROWS_PAULI__20251024__R003__metrics.json",
        "md5": "238473e772a6e12076462a5f4843809e",
        "size": 107
      },
      {
        "name": "GMOS_ARROWS_PAULI__20251024__R003__scaling.json",
        "md5": "ba35d96f5a79a9cd42bc0f71d03b41b5",
        "size": 164
      },
      {
        "name": "GMOS_ARROWS_TLS__20251024__R003__metrics.json",
        "md5": "85f9e439fb8e9851a336d5be92054e4f",
        "size": 220
      },
      {
        "name": "GMOS_ARROWS_TLS__20251024__R003__scaling.json",
        "md5": "2d0ff892d81595c026036fff3726782b",
        "size": 171
      },
      {
        "name": "GMOS_ARROWS__20251024__R003__run_report.txt",
        "md5": "030aaae254285a0b765174a068d5f540",
        "size": 274
      }
    ],
    "R004": [
      {
        "name": "GMOS_HEP_INDEX__20251024__R004__query_energy_eta.json",
        "md5": "0b67e695971f57fab1bb86e389c11864",
        "size": 65
      },
      {
        "name": "GMOS_HEP__20251024__R004__manifest.json",
        "md5": "2010f0a39df9c6ec4f08b6b683f0bfd2",
        "size": 19912
      },
      {
        "name": "GMOS_HEP__20251024__R004__run_report.txt",
        "md5": "5f4ac5b873f18e800414398371020e1e",
        "size": 245
      },
      {
        "name": "GMOS_HEP__20251024__R004__scale_test.json",
        "md5": "b3df2e40415a9dfc82556c1cf1fdf7af",
        "size": 108
      }
    ],
    "R005": [
      {
        "name": "GMOS_PADIC_EXAMPLE__20251024__R005__metrics.json",
        "md5": "8b0d1dd6339bb790259905f205457c90",
        "size": 1423
      },
      {
        "name": "GMOS_PADIC_FAMILY__20251024__R005__family_metrics.json",
        "md5": "71f83c8b095440289f696fc2b131e932",
        "size": 158
      },
      {
        "name": "GMOS_PADIC__20251024__R005__run_report.txt",
        "md5": "b4e997f64ec4ff9be43ebd89167740a2",
        "size": 248
      }
    ],
    "R006": [
      {
        "name": "GMOS_DQI_FAIRNESS__20251024__R006__gini.json",
        "md5": "d89f56e513bebc8d9ab898272b02a232",
        "size": 110
      },
      {
        "name": "GMOS_DQI_OPI__20251024__R006__metrics.json",
        "md5": "611e602567bce1b162d7a4b523955455",
        "size": 118
      },
      {
        "name": "GMOS_DQI_XORSAT__20251024__R006__metrics.json",
        "md5": "a477b13fa072284811f3611835c64461",
        "size": 100
      },
      {
        "name": "GMOS_DQI__20251024__R006__run_report.txt",
        "md5": "b8745b6aadee5dacca53a2a738cf4b32",
        "size": 347
      }
    ],
    "R007": [
      {
        "name": "GMOS_PDE_GRAYSCOTT__20251024__R007__metrics.json",
        "md5": "ed847916f19f212f817af73b5435c3dd",
        "size": 144
      },
      {
        "name": "GMOS_PDE_GRAYSCOTT__20251024__R007__scaling.json",
        "md5": "891bd00c4b690c6aac28afa821782702",
        "size": 226
      },
      {
        "name": "GMOS_PDE_NS2D__20251024__R007__metrics.json",
        "md5": "a6437f32bca7be29c85634c20044eeb3",
        "size": 118
      },
      {
        "name": "GMOS_PDE_NS2D__20251024__R007__scaling.json",
        "md5": "6faec154318a40fe9c0ef356d413640e",
        "size": 280
      },
      {
        "name": "GMOS_PDE__20251024__R007__run_report.txt",
        "md5": "12b5c34e222eee8059b182767ca598c1",
        "size": 341
      }
    ],
    "R008": [
      {
        "name": "GMOS_PDE_CGL2D__20251024__R008__coherence.png",
        "md5": "14a8ee5992b9d90adaf3fc56a14f9078",
        "size": 102598
      },
      {
        "name": "GMOS_PDE_CGL2D__20251024__R008__metrics.json",
        "md5": "12b5b1de022e919b5a36fc423c2f5dc6",
        "size": 242
      },
      {
        "name": "GMOS_PDE_CGL2D__20251024__R008__scaling.json",
        "md5": "173d9390986e479e1a4fac817c50e876",
        "size": 173
      },
      {
        "name": "GMOS_PDE_CGL2D__20251024__R008__winding_hist.json",
        "md5": "0d28894515a86466f40ebcfbae702bba",
        "size": 26
      },
      {
        "name": "GMOS_PDE_CGL2__20251024__R008__timeseries.csv",
        "md5": "01e940adcce475b570b729b3b47b01ac",
        "size": 10838
      },
      {
        "name": "GMOS_PDE_GPE2D__20251024__R008__coherence.png",
        "md5": "61d6593f683894a165bf71210e234970",
        "size": 92555
      },
      {
        "name": "GMOS_PDE_GPE2D__20251024__R008__metrics.json",
        "md5": "a63fd13cf27eafc1af0658bfde0d9f74",
        "size": 241
      },
      {
        "name": "GMOS_PDE_GPE2D__20251024__R008__scaling.json",
        "md5": "9b6b1fbcf1b4e030790cc29966498f9c",
        "size": 161
      },
      {
        "name": "GMOS_PDE_GPE2D__20251024__R008__timeseries.csv",
        "md5": "1439861687b66505ba675724a09b76fd",
        "size": 10838
      },
      {
        "name": "GMOS_PDE_GPE2D__20251024__R008__winding_hist.json",
        "md5": "4983f4a367724019e978dcb7089eaf06",
        "size": 26
      },
      {
        "name": "GMOS_PDE__20251024__R008__run_report.txt",
        "md5": "c707fe391130e279a4dc4b0a2b2dddfa",
        "size": 216
      }
    ]
  },
  "master_bundle": "/mnt/data/GMOS_bundles/GMOS_RUNS__20251024__R001-R008__artifacts.zip"
}