{
  "dataset": "DemoJets",
  "version": "v1",
  "objects": [
    {
      "oid": "bdaf2f3a33316427985f4f0f2ef6e514bdd240784527bd3a6cf5d9fcf4dca0f2",
      "size": 1048576,
      "url": "fs:///mnt/data/hep_lake_run_2025-10-24/demo_data/part-00000.shard"
    },
    {
      "oid": "40fbfd17d6f04b2e30867704f13d3223638b8105d28a334b50558e2000ed62fa",
      "size": 1048576,
      "url": "fs:///mnt/data/hep_lake_run_2025-10-24/demo_data/part-00001.shard"
    },
    {
      "oid": "075b082552bb352795dcbf6ad185bb51d98a5092bf92a486886bdf84e13ad84f",
      "size": 1048576,
      "url": "fs:///mnt/data/hep_lake_run_2025-10-24/demo_data/part-00002.shard"
    },
    {
      "oid": "bdd6591996d3cd726bc3324511bba561fc7be0d8d82591bb988b9c3d08d34384",
      "size": 1048576,
      "url": "fs:///mnt/data/hep_lake_run_2025-10-24/demo_data/part-00003.shard"
    },
    {
      "oid": "196a658cc0fbe7fb6d0d281b00c702aa3f47d414ecae1a73cbe508b85785d74e",
      "size": 1048576,
      "url": "fs:///mnt/data/hep_lake_run_2025-10-24/demo_data/part-00004.shard"
    },
    {
      "oid": "a759a6333896a806e9fdcac7892ce611439f5ca0adb2108a1eb218465f355a86",
      "size": 1048576,
      "url": "fs:///mnt/data/hep_lake_run_2025-10-24/demo_data/part-00005.shard"
    },
    {
      "oid": "dfc16a7e5b9cc9f52113a2396100b2fbabe9548bbf0379e8e70afa54c3842b65",
      "size": 1048576,
      "url": "fs:///mnt/data/hep_lake_run_2025-10-24/demo_data/part-00006.shard"
    },
    {
      "oid": "fde2d8a9c02062a13a6356c5e7bea490409e1cdc5cce58ee278cc22303ecc7c2",
      "size": 1048576,
      "url": "fs:///mnt/data/hep_lake_run_2025-10-24/demo_data/part-00007.shard"
    },
    {
      "oid": "97e497fff4e7a016e756c4c0a12ba734104e00be1a99b69ce32deeb860c92dd9",
      "size": 1048576,
      "url": "fs:///mnt/data/hep_lake_run_2025-10-24/demo_data/part-00008.shard"
    },
    {
      "oid": "4152d77bc2bb99c22ff0706b0d46cb148324fa9b9fa12b090753c551cfaab603",
      "size": 1048576,
      "url": "fs:///mnt/data/hep_lake_run_2025-10-24/demo_data/part-00009.shard"
    },
    {
      "oid": "4263226f20221a05e27c44f6fce89c29d6743ce40e61b585d605a6ded39900cd",
      "size": 1048576,
      "url": "fs:///mnt/data/hep_lake_run_2025-10-24/demo_data/part-00010.shard"
    },
    {
      "oid": "63e2ff11a9b0afbf400388ad32dfca4c918df00d132b3db6c8a3453a222bfa46",
      "size": 1048576,
      "url": "fs:///mnt/data/hep_lake_run_2025-10-24/demo_data/part-00011.shard"
    },
    {
      "oid": "b24d75db191ce80338a63e2843be5f105f239414b47c6758790a9afdea44210a",
      "size": 1048576,
      "url": "fs:///mnt/data/hep_lake_run_2025-10-24/demo_data/part-00012.shard"
    },
    {
      "oid": "06d86c585cd4824e72a943b8bea8209b7a3adef7494d7a3462891c13e3db89f6",
      "size": 1048576,
      "url": "fs:///mnt/data/hep_lake_run_2025-10-24/demo_data/part-00013.shard"
    },
    {
      "oid": "27584a7a32a9882bfe96c47bc4b7275f6a2e0d5dcbdcc611d4bdb8b197f80cc0",
      "size": 1048576,
      "url": "fs:///mnt/data/hep_lake_run_2025-10-24/demo_data/part-00014.shard"
    },
    {
      "oid": "e3b5e2fbfe704bf007448d38ed4fa9ba22bc91a846e02c491892a3cf9915433b",
      "size": 1048576,
      "url": "fs:///mnt/data/hep_lake_run_2025-10-24/demo_data/part-00015.shard"
    },
    {
      "oid": "d86549580d1556d45928241fe9eabf17507bc0aad847ca9d8a3dee2aaee84789",
      "size": 1048576,
      "url": "fs:///mnt/data/hep_lake_run_2025-10-24/demo_data/part-00016.shard"
    },
    {
      "oid": "c0a1a4b65252bb1617f0f2e9d16fbd504c3acdd69ca13834bb880039f3e798e6",
      "size": 1048576,
      "url": "fs:///mnt/data/hep_lake_run_2025-10-24/demo_data/part-00017.shard"
    },
    {
      "oid": "ab212767a2d96eb9ffa2fdc2a9046060cb9dcc8af329f637ccd01db7997b6ac3",
      "size": 1048576,
      "url": "fs:///mnt/data/hep_lake_run_2025-10-24/demo_data/part-00018.shard"
    },
    {
      "oid": "c327dd24b9be0f6df7126acd5f051514f63809fa03e399b4dd706107790ef48d",
      "size": 1048576,
      "url": "fs:///mnt/data/hep_lake_run_2025-10-24/demo_data/part-00019.shard"
    },
    {
      "oid": "96b94d6936705a93a8bb1459f2d777b09adc25455f77dea866f4367f6dec72e8",
      "size": 1048576,
      "url": "fs:///mnt/data/hep_lake_run_2025-10-24/demo_data/part-00020.shard"
    },
    {
      "oid": "af07dbe6465a400bc3b23ac5445382740dee792bd623fe42b1db4f9fe0519071",
      "size": 1048576,
      "url": "fs:///mnt/data/hep_lake_run_2025-10-24/demo_data/part-00021.shard"
    },
    {
      "oid": "412903662fa812f60859f2f52f6b551f17a5f3f102284cf1d7966d1c1d37b5dc",
      "size": 1048576,
      "url": "fs:///mnt/data/hep_lake_run_2025-10-24/demo_data/part-00022.shard"
    },
    {
      "oid": "c73d7d9362b8550251dc937a2c525a212d70fad08812ede8b7f6fd831d947050",
      "size": 1048576,
      "url": "fs:///mnt/data/hep_lake_run_2025-10-24/demo_data/part-00023.shard"
    },
    {
      "oid": "906f219e0f9a780adfb15ae5676cdf36f3c24aafd4053737401fba283ae87bc9",
      "size": 1048576,
      "url": "fs:///mnt/data/hep_lake_run_2025-10-24/demo_data/part-00024.shard"
    },
    {
      "oid": "a1c26753237f33f3b629a297e1bc3591b5220ee18cc9db2aefc09d516f7d60f2",
      "size": 1048576,
      "url": "fs:///mnt/data/hep_lake_run_2025-10-24/demo_data/part-00025.shard"
    },
    {
      "oid": "4a9a1d0ddb1512f343ac92ef9ed3f43cee3673d5a04613af0a95b2ceadce909c",
      "size": 1048576,
      "url": "fs:///mnt/data/hep_lake_run_2025-10-24/demo_data/part-00026.shard"
    },
    {
      "oid": "119609d7ff065c1539a1412e86644274b8303da137c52d6790c447675d02a6d5",
      "size": 1048576,
      "url": "fs:///mnt/data/hep_lake_run_2025-10-24/demo_data/part-00027.shard"
    },
    {
      "oid": "61207af72833c452fe55cd7fbb304cb31a9363122062f4bc8024eb22dbf0783b",
      "size": 1048576,
      "url": "fs:///mnt/data/hep_lake_run_2025-10-24/demo_data/part-00028.shard"
    },
    {
      "oid": "bda5a156324b7795a210c5d7039e2d7c1ea653b9c63049505ebf3c2002960d35",
      "size": 1048576,
      "url": "fs:///mnt/data/hep_lake_run_2025-10-24/demo_data/part-00029.shard"
    },
    {
      "oid": "37f93b6efccc3a2765c440d8b468887c20df2549c7d20ae5c05b842e77f0649b",
      "size": 1048576,
      "url": "fs:///mnt/data/hep_lake_run_2025-10-24/demo_data/part-00030.shard"
    },
    {
      "oid": "f5dddbc911d43ebe564133856ee58926418d8c6237b251a2e8a5b539fbaa8522",
      "size": 1048576,
      "url": "fs:///mnt/data/hep_lake_run_2025-10-24/demo_data/part-00031.shard"
    },
    {
      "oid": "b800319fb19d34e7259e5b6ac92b607d37871c339fd0d053a71fae3dbae5d768",
      "size": 1048576,
      "url": "fs:///mnt/data/hep_lake_run_2025-10-24/demo_data/part-00032.shard"
    },
    {
      "oid": "3a9118652edf9e5b4824d1d03c8cb93a0ea3a4a73eee7d39ec4c4c583c3914f2",
      "size": 1048576,
      "url": "fs:///mnt/data/hep_lake_run_2025-10-24/demo_data/part-00033.shard"
    },
    {
      "oid": "82ace89468bf381803c7edb42b6fcb663545c3b15b08f6aeacdd36af7eb94fbd",
      "size": 1048576,
      "url": "fs:///mnt/data/hep_lake_run_2025-10-24/demo_data/part-00034.shard"
    },
    {
      "oid": "f6a0938347d82e1d5d1b184f4b649642a741ff083e7a619c9005a3af935669e3",
      "size": 1048576,
      "url": "fs:///mnt/data/hep_lake_run_2025-10-24/demo_data/part-00035.shard"
    },
    {
      "oid": "9b3ee93282a4bd463ac9079ab5a110c46625bf5a43c1403929de1deb5ee1f68a",
      "size": 1048576,
      "url": "fs:///mnt/data/hep_lake_run_2025-10-24/demo_data/part-00036.shard"
    },
    {
      "oid": "aac267b775324b36b8e172fc81af2b8eb974c4cdf8450b8517a51ee90e7c1b9a",
      "size": 1048576,
      "url": "fs:///mnt/data/hep_lake_run_2025-10-24/demo_data/part-00037.shard"
    },
    {
      "oid": "0a8a439530f27058ddce18768c26783763fcdf912e877a93654b3001f026c658",
      "size": 1048576,
      "url": "fs:///mnt/data/hep_lake_run_2025-10-24/demo_data/part-00038.shard"
    },
    {
      "oid": "89f56030a07d5aaf72a6a56ad583895e42407f20b59710e9ac29cbff9a0ac72d",
      "size": 1048576,
      "url": "fs:///mnt/data/hep_lake_run_2025-10-24/demo_data/part-00039.shard"
    },
    {
      "oid": "20652efd63f7b4bc47109d41e86ca6a302ea7f68b5a1bbd62b4625561676ee9c",
      "size": 1048576,
      "url": "fs:///mnt/data/hep_lake_run_2025-10-24/demo_data/part-00040.shard"
    },
    {
      "oid": "cfc2ff63a5050ed1e92165fd4b808fb38fbf34c61374dc94dca1292885525370",
      "size": 1048576,
      "url": "fs:///mnt/data/hep_lake_run_2025-10-24/demo_data/part-00041.shard"
    },
    {
      "oid": "b20485022e9bb9626c1c47c10702a9561e52dcca91f922f1a2e982d6ddae99c8",
      "size": 1048576,
      "url": "fs:///mnt/data/hep_lake_run_2025-10-24/demo_data/part-00042.shard"
    },
    {
      "oid": "dca61118716cfed57260d7468007f624435375ced9b4586f44839eb6b418d8b2",
      "size": 1048576,
      "url": "fs:///mnt/data/hep_lake_run_2025-10-24/demo_data/part-00043.shard"
    },
    {
      "oid": "f44400ecc8589daca0339f033a6e4f721f50ca6e60da5cf0a720c3d081d0ec70",
      "size": 1048576,
      "url": "fs:///mnt/data/hep_lake_run_2025-10-24/demo_data/part-00044.shard"
    },
    {
      "oid": "f625c7f0c1c9cfc595ec80d9625724d37f952abb6c2c99ee09517db93bcf5e33",
      "size": 1048576,
      "url": "fs:///mnt/data/hep_lake_run_2025-10-24/demo_data/part-00045.shard"
    },
    {
      "oid": "d362ed99f32978cc93b11edc62b641a4e12538de3a6d3122a86ec200b90af36e",
      "size": 1048576,
      "url": "fs:///mnt/data/hep_lake_run_2025-10-24/demo_data/part-00046.shard"
    },
    {
      "oid": "7c768d4ebb94f86b82d79d044facc83ec0a2e6a7d0b746d068d2b5c435e004c2",
      "size": 1048576,
      "url": "fs:///mnt/data/hep_lake_run_2025-10-24/demo_data/part-00047.shard"
    },
    {
      "oid": "183adf27ee165b32990201522a0dbd61e216ae01d5b563230739533ba830049e",
      "size": 1048576,
      "url": "fs:///mnt/data/hep_lake_run_2025-10-24/demo_data/part-00048.shard"
    },
    {
      "oid": "60852c9878ec42e7a1248bccd7aed3ff6f111b574da7b37790c69a6a7bf3f778",
      "size": 1048576,
      "url": "fs:///mnt/data/hep_lake_run_2025-10-24/demo_data/part-00049.shard"
    },
    {
      "oid": "3cee563d995e1de956ef6f9c2c42f3ca8a269f8abc12c3258086bdac3152db8f",
      "size": 1048576,
      "url": "fs:///mnt/data/hep_lake_run_2025-10-24/demo_data/part-00050.shard"
    },
    {
      "oid": "f95d594deef03961a0e49010ace4a70cb865fe1da38603eb5eb2d8de405291d2",
      "size": 1048576,
      "url": "fs:///mnt/data/hep_lake_run_2025-10-24/demo_data/part-00051.shard"
    },
    {
      "oid": "0a7f01ca519d683e57280dae6911591657fd609dd3b7e88dfbdb01870f8299e1",
      "size": 1048576,
      "url": "fs:///mnt/data/hep_lake_run_2025-10-24/demo_data/part-00052.shard"
    },
    {
      "oid": "7849b79d1a3d195ad42c1fc91f3c9a3ad42aa41326363e4f13e349c10841c952",
      "size": 1048576,
      "url": "fs:///mnt/data/hep_lake_run_2025-10-24/demo_data/part-00053.shard"
    },
    {
      "oid": "89c432ad127712f7d0bc5df5270290346c877b8afa870496709aafd3dcbdccc3",
      "size": 1048576,
      "url": "fs:///mnt/data/hep_lake_run_2025-10-24/demo_data/part-00054.shard"
    },
    {
      "oid": "9a1077ac7cfe8e780d6d91b27e30c423685d7162cb44f095595d21a7da57e3e0",
      "size": 1048576,
      "url": "fs:///mnt/data/hep_lake_run_2025-10-24/demo_data/part-00055.shard"
    },
    {
      "oid": "75eccdea0e8c78eb17575d04239b06b7f740086ed904960dce9acb387375e631",
      "size": 1048576,
      "url": "fs:///mnt/data/hep_lake_run_2025-10-24/demo_data/part-00056.shard"
    },
    {
      "oid": "1a883f0ec92c29f3a3fd8930d29c92ed684e3dfc5fb054c99fd1d671262b6f32",
      "size": 1048576,
      "url": "fs:///mnt/data/hep_lake_run_2025-10-24/demo_data/part-00057.shard"
    },
    {
      "oid": "7e2aa7f16629c7d86462b73b15a3ab20c720bc0b308aa2a918a2dc0051485499",
      "size": 1048576,
      "url": "fs:///mnt/data/hep_lake_run_2025-10-24/demo_data/part-00058.shard"
    },
    {
      "oid": "179165f1f60b0081bae73ae78acbbfa27a9858d6eef9fd3e0be11de7bcebdfa8",
      "size": 1048576,
      "url": "fs:///mnt/data/hep_lake_run_2025-10-24/demo_data/part-00059.shard"
    },
    {
      "oid": "7f5ede27fda4db169fda8127dd999cd903a8ad358f3536c6b33276de4a075b3c",
      "size": 1048576,
      "url": "fs:///mnt/data/hep_lake_run_2025-10-24/demo_data/part-00060.shard"
    },
    {
      "oid": "d428765b59eacca0b6fa87721c9535a60bc32e0a97dacae0f2e1ed18c297f61b",
      "size": 1048576,
      "url": "fs:///mnt/data/hep_lake_run_2025-10-24/demo_data/part-00061.shard"
    },
    {
      "oid": "5ee7104f6b433e5aa2530aa3e946b285168d9dd48366803cbd1fb6ea4358270e",
      "size": 1048576,
      "url": "fs:///mnt/data/hep_lake_run_2025-10-24/demo_data/part-00062.shard"
    },
    {
      "oid": "228496e11d111ef7a150cc7046e381c85ccaa80de57be7d9d5bcc4c3d04936d4",
      "size": 1048576,
      "url": "fs:///mnt/data/hep_lake_run_2025-10-24/demo_data/part-00063.shard"
    },
    {
      "oid": "5f6003d16e4d7ccc44a3112cad32c3ddaa9b742d54434740894e67d037b7dffa",
      "size": 1048576,
      "url": "fs:///mnt/data/hep_lake_run_2025-10-24/demo_data/part-00064.shard"
    },
    {
      "oid": "4941700859fea75b4fcf54c1f91d2151c5bf38ea5bdafd2eed5276746754f57c",
      "size": 1048576,
      "url": "fs:///mnt/data/hep_lake_run_2025-10-24/demo_data/part-00065.shard"
    },
    {
      "oid": "654fb9fab58f5fe956cbd5eab308155d61591d9089e9100cbb1f0794548d4624",
      "size": 1048576,
      "url": "fs:///mnt/data/hep_lake_run_2025-10-24/demo_data/part-00066.shard"
    },
    {
      "oid": "ce560cc1b841bc01b565b59d0b21df61929ad1104846fa1a29114663b835c40b",
      "size": 1048576,
      "url": "fs:///mnt/data/hep_lake_run_2025-10-24/demo_data/part-00067.shard"
    },
    {
      "oid": "cf90663d48ebb2a0e0a983904f9d3bf45692c84bf81fb9c9f55d04719eaf4952",
      "size": 1048576,
      "url": "fs:///mnt/data/hep_lake_run_2025-10-24/demo_data/part-00068.shard"
    },
    {
      "oid": "f54d4a85ce1925aad2cd1083eb6399e654484409edfbc74167fd773fef64efe0",
      "size": 1048576,
      "url": "fs:///mnt/data/hep_lake_run_2025-10-24/demo_data/part-00069.shard"
    },
    {
      "oid": "9c32ad613e1089f751236dbaadd77ab72dda9a046277140625e45f8fd7314823",
      "size": 1048576,
      "url": "fs:///mnt/data/hep_lake_run_2025-10-24/demo_data/part-00070.shard"
    },
    {
      "oid": "0f7a7e0435d5028aaff5ee784de2bcca15eab69bd656fbd09419bd5f5145e476",
      "size": 1048576,
      "url": "fs:///mnt/data/hep_lake_run_2025-10-24/demo_data/part-00071.shard"
    },
    {
      "oid": "293b0e5428c060b0aae5cdcf762237c2ec8ca5670385800a2bdf2101a6e34bc6",
      "size": 1048576,
      "url": "fs:///mnt/data/hep_lake_run_2025-10-24/demo_data/part-00072.shard"
    },
    {
      "oid": "05c0be5537cdacd9ba7723205a5c88991e510a5b8d81badda9e3c83a7b949e2c",
      "size": 1048576,
      "url": "fs:///mnt/data/hep_lake_run_2025-10-24/demo_data/part-00073.shard"
    },
    {
      "oid": "6c2fef99fb07bdb527348f070f85d27bc2f7b0266993701d4eb71304d3765ef7",
      "size": 1048576,
      "url": "fs:///mnt/data/hep_lake_run_2025-10-24/demo_data/part-00074.shard"
    },
    {
      "oid": "940f6f7db0020bcb5b93530604a0e15d09739e41ccb995964dcd89d315cf6c43",
      "size": 1048576,
      "url": "fs:///mnt/data/hep_lake_run_2025-10-24/demo_data/part-00075.shard"
    },
    {
      "oid": "f745e963a411f4b9c1538e08910f118d6068d33b67e759790ef469f7fa664ac2",
      "size": 1048576,
      "url": "fs:///mnt/data/hep_lake_run_2025-10-24/demo_data/part-00076.shard"
    },
    {
      "oid": "76981dd10a7c07df6472d353ae9ab62b4894d8b4890a43535d8aa8d5b6e0c9d3",
      "size": 1048576,
      "url": "fs:///mnt/data/hep_lake_run_2025-10-24/demo_data/part-00077.shard"
    },
    {
      "oid": "755cbe0cfd7ef2d3cdb8641eb02eb607cbdcb028e914b8ef1e4e3b32511108ae",
      "size": 1048576,
      "url": "fs:///mnt/data/hep_lake_run_2025-10-24/demo_data/part-00078.shard"
    },
    {
      "oid": "9f65186060f7621e767c8a1bbf350bc2cbbef45e68294e60092e8eb298abb5de",
      "size": 1048576,
      "url": "fs:///mnt/data/hep_lake_run_2025-10-24/demo_data/part-00079.shard"
    },
    {
      "oid": "3ca99fa67d3bc12c840ee1ff48ba539a3948e769b49cbec4cea988ba09404a81",
      "size": 1048576,
      "url": "fs:///mnt/data/hep_lake_run_2025-10-24/demo_data/part-00080.shard"
    },
    {
      "oid": "249a96f8c8a4a9f1b7ea1a7a416b69011e47e830cc31c48773eda163b611f4d1",
      "size": 1048576,
      "url": "fs:///mnt/data/hep_lake_run_2025-10-24/demo_data/part-00081.shard"
    },
    {
      "oid": "354117848138bc9241721829f4813cc9f1076648304263892635c5d75a5c1939",
      "size": 1048576,
      "url": "fs:///mnt/data/hep_lake_run_2025-10-24/demo_data/part-00082.shard"
    },
    {
      "oid": "43ae6ae19c4c69f44071063a99517d3ba7044aa3b9d79a1c80fc1ba9e2e342bb",
      "size": 1048576,
      "url": "fs:///mnt/data/hep_lake_run_2025-10-24/demo_data/part-00083.shard"
    },
    {
      "oid": "5bd6a7c326d53469f805886564faf6ccf06c53c98f9a656f7f519dc0a3baf752",
      "size": 1048576,
      "url": "fs:///mnt/data/hep_lake_run_2025-10-24/demo_data/part-00084.shard"
    },
    {
      "oid": "8dba889bfbee14c08a1300da728d30df9556bc5a925715d0a996b5dc7e137f1a",
      "size": 1048576,
      "url": "fs:///mnt/data/hep_lake_run_2025-10-24/demo_data/part-00085.shard"
    },
    {
      "oid": "adfcda123611bcb1ef4caf3245444c1de9824d757470353e298869258f6b5d2b",
      "size": 1048576,
      "url": "fs:///mnt/data/hep_lake_run_2025-10-24/demo_data/part-00086.shard"
    },
    {
      "oid": "841f997c1a3e39e3c990eb4b1574f9dae808f4cbc546d7065ad872f2fbc2c2a9",
      "size": 1048576,
      "url": "fs:///mnt/data/hep_lake_run_2025-10-24/demo_data/part-00087.shard"
    },
    {
      "oid": "a6bab8ddb2d3db7c22625283e4fa7b858867bb5dfcb6fe1e13cdb6ce8ac5ccd6",
      "size": 1048576,
      "url": "fs:///mnt/data/hep_lake_run_2025-10-24/demo_data/part-00088.shard"
    },
    {
      "oid": "5a0ee10d34ee64ece06ca9175a5744a7f8b2ee99a4b46c302f3d492685631dd0",
      "size": 1048576,
      "url": "fs:///mnt/data/hep_lake_run_2025-10-24/demo_data/part-00089.shard"
    },
    {
      "oid": "f983f555de5049d2f0cf22f755c67dee7bcfd4a412b8d4d34ee4cc955de984c7",
      "size": 1048576,
      "url": "fs:///mnt/data/hep_lake_run_2025-10-24/demo_data/part-00090.shard"
    },
    {
      "oid": "b7ca71c9c1d642f7b545686c2a08c489baccac4cd5b705c2e1545be6c348e39e",
      "size": 1048576,
      "url": "fs:///mnt/data/hep_lake_run_2025-10-24/demo_data/part-00091.shard"
    },
    {
      "oid": "47dfb756a9a53458ae0624a7e90c0d4d7a551286c78ea0f5c3224b0e14ac482e",
      "size": 1048576,
      "url": "fs:///mnt/data/hep_lake_run_2025-10-24/demo_data/part-00092.shard"
    },
    {
      "oid": "92f74977ebadc4e2e6d3ea0d623f90f728fa2416fe26c3a6bc694ec6dc5b6fa7",
      "size": 1048576,
      "url": "fs:///mnt/data/hep_lake_run_2025-10-24/demo_data/part-00093.shard"
    },
    {
      "oid": "1937fc8e2ef9e3b8f65b4a432d6fcbddc589da4ef9f55b17e41c2db1c7403efc",
      "size": 1048576,
      "url": "fs:///mnt/data/hep_lake_run_2025-10-24/demo_data/part-00094.shard"
    },
    {
      "oid": "d752980846e2628d56068fb6a37e89a17582ca35b12454e362b978d30f1adc6a",
      "size": 1048576,
      "url": "fs:///mnt/data/hep_lake_run_2025-10-24/demo_data/part-00095.shard"
    },
    {
      "oid": "5c92b2977b8b3a4a296adbba0471c662bfccc68229cd23c3d98308742f9b6a41",
      "size": 1048576,
      "url": "fs:///mnt/data/hep_lake_run_2025-10-24/demo_data/part-00096.shard"
    },
    {
      "oid": "c10df36a2d48721dd809a5fe00672707b428ed3748ab3264d14c93e708ea4916",
      "size": 1048576,
      "url": "fs:///mnt/data/hep_lake_run_2025-10-24/demo_data/part-00097.shard"
    },
    {
      "oid": "44cb2bfe0d53a902c561fee09aa0f66cad1d23c51c0dedb67a2bacb5ca896209",
      "size": 1048576,
      "url": "fs:///mnt/data/hep_lake_run_2025-10-24/demo_data/part-00098.shard"
    },
    {
      "oid": "055a48f7520556ce712e4f39bd46eb250c1ca07f82ad973d96fa1555613ef824",
      "size": 1048576,
      "url": "fs:///mnt/data/hep_lake_run_2025-10-24/demo_data/part-00099.shard"
    }
  ],
  "meta": {
    "generator": "GM-OS R004"
  }
}