{
  "case": "TLS_Petz_sweep",
  "nu_char_Hz": 250.0,
  "E_char_meV": 1.0339169240000002e-09,
  "temps_K": [
    0.5,
    0.1,
    0.02
  ],
  "axes": {
    "frequency_Hz": {
      "to_energy_meV": 4.135667696000001e-12,
      "to_temperature_K": 4.799243073e-11
    }
  },
  "dimensionless_groups": {
    "beta_hbar_omega": "beta * \u0127 * \u03c9  (\u03b2=1/kB T, \u03c9=2\u03c0\u03bd)",
    "zeeman_spin": "\u03bcB * B / (kB T)",
    "josephson_norm": "f / (K_J * V)  (K_J=Josephson constant)"
  },
  "constants_ref": "GMOS_UNITS_NIST__20251024__constants_core.json",
  "timestamp": "2025-10-24 19:46:58"
}