{
  "policy": "local-first, then highest effective throughput",
  "replicas": [
    {
      "name": "fs-local",
      "bandwidth_MBps": 450,
      "latency_ms": 1,
      "local": true
    },
    {
      "name": "s3-west",
      "bandwidth_MBps": 160,
      "latency_ms": 35,
      "local": false
    },
    {
      "name": "s3-east",
      "bandwidth_MBps": 120,
      "latency_ms": 25,
      "local": false
    }
  ],
  "score_fn": "score = (bandwidth_MBps) - 0.5*latency_ms - 30*(not local)",
  "ranking": [
    {
      "name": "fs-local",
      "bandwidth_MBps": 450,
      "latency_ms": 1,
      "local": true
    },
    {
      "name": "s3-west",
      "bandwidth_MBps": 160,
      "latency_ms": 35,
      "local": false
    },
    {
      "name": "s3-east",
      "bandwidth_MBps": 120,
      "latency_ms": 25,
      "local": false
    }
  ]
}