t,p_excited,relative_entropy
0.000000,0.400000000,4.055116755e-02
0.001000,nan,nan
0.002000,nan,nan
0.003000,nan,nan
0.004000,nan,nan
0.005000,nan,nan
0.006000,nan,nan
0.007000,nan,nan
0.008000,nan,nan
0.009000,nan,nan
0.010000,nan,nan
0.011000,nan,nan
0.012000,nan,nan
0.013000,nan,nan
0.014000,nan,nan
0.015000,nan,nan
0.016000,nan,nan
0.017000,nan,nan
0.018000,nan,nan
0.019000,nan,nan
0.020000,nan,nan
0.021000,nan,nan
0.022000,nan,nan
0.023000,nan,nan
0.024000,nan,nan
0.025000,nan,nan
0.026000,nan,nan
0.027000,nan,nan
0.028000,nan,nan
0.029000,nan,nan
0.030000,nan,nan
0.031000,nan,nan
0.032000,nan,nan
0.033000,nan,nan
0.034000,nan,nan
0.035000,nan,nan
0.036000,nan,nan
0.037000,nan,nan
0.038000,nan,nan
0.039000,nan,nan
0.040000,nan,nan
0.041000,nan,nan
0.042000,nan,nan
0.043000,nan,nan
0.044000,nan,nan
0.045000,nan,nan
0.046000,nan,nan
0.047000,nan,nan
0.048000,nan,nan
0.049000,nan,nan
0.050000,nan,nan
0.051000,nan,nan
0.052000,nan,nan
0.053000,nan,nan
0.054000,nan,nan
0.055000,nan,nan
0.056000,nan,nan
0.057000,nan,nan
0.058000,nan,nan
0.059000,nan,nan
0.060000,nan,nan
0.061000,nan,nan
0.062000,nan,nan
0.063000,nan,nan
0.064000,nan,nan
0.065000,nan,nan
0.066000,nan,nan
0.067000,nan,nan
0.068000,nan,nan
0.069000,nan,nan
0.070000,nan,nan
0.071000,nan,nan
0.072000,nan,nan
0.073000,nan,nan
0.074000,nan,nan
0.075000,nan,nan
0.076000,nan,nan
0.077000,nan,nan
0.078000,nan,nan
0.079000,nan,nan
0.080000,nan,nan
0.081000,nan,nan
0.082000,nan,nan
0.083000,nan,nan
0.084000,nan,nan
0.085000,nan,nan
0.086000,nan,nan
0.087000,nan,nan
0.088000,nan,nan
0.089000,nan,nan
0.090000,nan,nan
0.091000,nan,nan
0.092000,nan,nan
0.093000,nan,nan
0.094000,nan,nan
0.095000,nan,nan
0.096000,nan,nan
0.097000,nan,nan
0.098000,nan,nan
0.099000,nan,nan
0.100000,nan,nan
0.101000,nan,nan
0.102000,nan,nan
0.103000,nan,nan
0.104000,nan,nan
0.105000,nan,nan
0.106000,nan,nan
0.107000,nan,nan
0.108000,nan,nan
0.109000,nan,nan
0.110000,nan,nan
0.111000,nan,nan
0.112000,nan,nan
0.113000,nan,nan
0.114000,nan,nan
0.115000,nan,nan
0.116000,nan,nan
0.117000,nan,nan
0.118000,nan,nan
0.119000,nan,nan
0.120000,nan,nan
0.121000,nan,nan
0.122000,nan,nan
0.123000,nan,nan
0.124000,nan,nan
0.125000,nan,nan
0.126000,nan,nan
0.127000,nan,nan
0.128000,nan,nan
0.129000,nan,nan
0.130000,nan,nan
0.131000,nan,nan
0.132000,nan,nan
0.133000,nan,nan
0.134000,nan,nan
0.135000,nan,nan
0.136000,nan,nan
0.137000,nan,nan
0.138000,nan,nan
0.139000,nan,nan
0.140000,nan,nan
0.141000,nan,nan
0.142000,nan,nan
0.143000,nan,nan
0.144000,nan,nan
0.145000,nan,nan
0.146000,nan,nan
0.147000,nan,nan
0.148000,nan,nan
0.149000,nan,nan
0.150000,nan,nan
0.151000,nan,nan
0.152000,nan,nan
0.153000,nan,nan
0.154000,nan,nan
0.155000,nan,nan
0.156000,nan,nan
0.157000,nan,nan
0.158000,nan,nan
0.159000,nan,nan
0.160000,nan,nan
0.161000,nan,nan
0.162000,nan,nan
0.163000,nan,nan
0.164000,nan,nan
0.165000,nan,nan
0.166000,nan,nan
0.167000,nan,nan
0.168000,nan,nan
0.169000,nan,nan
0.170000,nan,nan
0.171000,nan,nan
0.172000,nan,nan
0.173000,nan,nan
0.174000,nan,nan
0.175000,nan,nan
0.176000,nan,nan
0.177000,nan,nan
0.178000,nan,nan
0.179000,nan,nan
0.180000,nan,nan
0.181000,nan,nan
0.182000,nan,nan
0.183000,nan,nan
0.184000,nan,nan
0.185000,nan,nan
0.186000,nan,nan
0.187000,nan,nan
0.188000,nan,nan
0.189000,nan,nan
0.190000,nan,nan
0.191000,nan,nan
0.192000,nan,nan
0.193000,nan,nan
0.194000,nan,nan
0.195000,nan,nan
0.196000,nan,nan
0.197000,nan,nan
0.198000,nan,nan
0.199000,nan,nan
0.200000,nan,nan
0.201000,nan,nan
0.202000,nan,nan
0.203000,nan,nan
0.204000,nan,nan
0.205000,nan,nan
0.206000,nan,nan
0.207000,nan,nan
0.208000,nan,nan
0.209000,nan,nan
0.210000,nan,nan
0.211000,nan,nan
0.212000,nan,nan
0.213000,nan,nan
0.214000,nan,nan
0.215000,nan,nan
0.216000,nan,nan
0.217000,nan,nan
0.218000,nan,nan
0.219000,nan,nan
0.220000,nan,nan
0.221000,nan,nan
0.222000,nan,nan
0.223000,nan,nan
0.224000,nan,nan
0.225000,nan,nan
0.226000,nan,nan
0.227000,nan,nan
0.228000,nan,nan
0.229000,nan,nan
0.230000,nan,nan
0.231000,nan,nan
0.232000,nan,nan
0.233000,nan,nan
0.234000,nan,nan
0.235000,nan,nan
0.236000,nan,nan
0.237000,nan,nan
0.238000,nan,nan
0.239000,nan,nan
0.240000,nan,nan
0.241000,nan,nan
0.242000,nan,nan
0.243000,nan,nan
0.244000,nan,nan
0.245000,nan,nan
0.246000,nan,nan
0.247000,nan,nan
0.248000,nan,nan
0.249000,nan,nan
0.250000,nan,nan
0.251000,nan,nan
0.252000,nan,nan
0.253000,nan,nan
0.254000,nan,nan
0.255000,nan,nan
0.256000,nan,nan
0.257000,nan,nan
0.258000,nan,nan
0.259000,nan,nan
0.260000,nan,nan
0.261000,nan,nan
0.262000,nan,nan
0.263000,nan,nan
0.264000,nan,nan
0.265000,nan,nan
0.266000,nan,nan
0.267000,nan,nan
0.268000,nan,nan
0.269000,nan,nan
0.270000,nan,nan
0.271000,nan,nan
0.272000,nan,nan
0.273000,nan,nan
0.274000,nan,nan
0.275000,nan,nan
0.276000,nan,nan
0.277000,nan,nan
0.278000,nan,nan
0.279000,nan,nan
0.280000,nan,nan
0.281000,nan,nan
0.282000,nan,nan
0.283000,nan,nan
0.284000,nan,nan
0.285000,nan,nan
0.286000,nan,nan
0.287000,nan,nan
0.288000,nan,nan
0.289000,nan,nan
0.290000,nan,nan
0.291000,nan,nan
0.292000,nan,nan
0.293000,nan,nan
0.294000,nan,nan
0.295000,nan,nan
0.296000,nan,nan
0.297000,nan,nan
0.298000,nan,nan
0.299000,nan,nan
0.300000,nan,nan
0.301000,nan,nan
0.302000,nan,nan
0.303000,nan,nan
0.304000,nan,nan
0.305000,nan,nan
0.306000,nan,nan
0.307000,nan,nan
0.308000,nan,nan
0.309000,nan,nan
0.310000,nan,nan
0.311000,nan,nan
0.312000,nan,nan
0.313000,nan,nan
0.314000,nan,nan
0.315000,nan,nan
0.316000,nan,nan
0.317000,nan,nan
0.318000,nan,nan
0.319000,nan,nan
0.320000,nan,nan
0.321000,nan,nan
0.322000,nan,nan
0.323000,nan,nan
0.324000,nan,nan
0.325000,nan,nan
0.326000,nan,nan
0.327000,nan,nan
0.328000,nan,nan
0.329000,nan,nan
0.330000,nan,nan
0.331000,nan,nan
0.332000,nan,nan
0.333000,nan,nan
0.334000,nan,nan
0.335000,nan,nan
0.336000,nan,nan
0.337000,nan,nan
0.338000,nan,nan
0.339000,nan,nan
0.340000,nan,nan
0.341000,nan,nan
0.342000,nan,nan
0.343000,nan,nan
0.344000,nan,nan
0.345000,nan,nan
0.346000,nan,nan
0.347000,nan,nan
0.348000,nan,nan
0.349000,nan,nan
0.350000,nan,nan
0.351000,nan,nan
0.352000,nan,nan
0.353000,nan,nan
0.354000,nan,nan
0.355000,nan,nan
0.356000,nan,nan
0.357000,nan,nan
0.358000,nan,nan
0.359000,nan,nan
0.360000,nan,nan
0.361000,nan,nan
0.362000,nan,nan
0.363000,nan,nan
0.364000,nan,nan
0.365000,nan,nan
0.366000,nan,nan
0.367000,nan,nan
0.368000,nan,nan
0.369000,nan,nan
0.370000,nan,nan
0.371000,nan,nan
0.372000,nan,nan
0.373000,nan,nan
0.374000,nan,nan
0.375000,nan,nan
0.376000,nan,nan
0.377000,nan,nan
0.378000,nan,nan
0.379000,nan,nan
0.380000,nan,nan
0.381000,nan,nan
0.382000,nan,nan
0.383000,nan,nan
0.384000,nan,nan
0.385000,nan,nan
0.386000,nan,nan
0.387000,nan,nan
0.388000,nan,nan
0.389000,nan,nan
0.390000,nan,nan
0.391000,nan,nan
0.392000,nan,nan
0.393000,nan,nan
0.394000,nan,nan
0.395000,nan,nan
0.396000,nan,nan
0.397000,nan,nan
0.398000,nan,nan
0.399000,nan,nan
0.400000,nan,nan
0.401000,nan,nan
0.402000,nan,nan
0.403000,nan,nan
0.404000,nan,nan
0.405000,nan,nan
0.406000,nan,nan
0.407000,nan,nan
0.408000,nan,nan
0.409000,nan,nan
0.410000,nan,nan
0.411000,nan,nan
0.412000,nan,nan
0.413000,nan,nan
0.414000,nan,nan
0.415000,nan,nan
0.416000,nan,nan
0.417000,nan,nan
0.418000,nan,nan
0.419000,nan,nan
0.420000,nan,nan
0.421000,nan,nan
0.422000,nan,nan
0.423000,nan,nan
0.424000,nan,nan
0.425000,nan,nan
0.426000,nan,nan
0.427000,nan,nan
0.428000,nan,nan
0.429000,nan,nan
0.430000,nan,nan
0.431000,nan,nan
0.432000,nan,nan
0.433000,nan,nan
0.434000,nan,nan
0.435000,nan,nan
0.436000,nan,nan
0.437000,nan,nan
0.438000,nan,nan
0.439000,nan,nan
0.440000,nan,nan
0.441000,nan,nan
0.442000,nan,nan
0.443000,nan,nan
0.444000,nan,nan
0.445000,nan,nan
0.446000,nan,nan
0.447000,nan,nan
0.448000,nan,nan
0.449000,nan,nan
0.450000,nan,nan
0.451000,nan,nan
0.452000,nan,nan
0.453000,nan,nan
0.454000,nan,nan
0.455000,nan,nan
0.456000,nan,nan
0.457000,nan,nan
0.458000,nan,nan
0.459000,nan,nan
0.460000,nan,nan
0.461000,nan,nan
0.462000,nan,nan
0.463000,nan,nan
0.464000,nan,nan
0.465000,nan,nan
0.466000,nan,nan
0.467000,nan,nan
0.468000,nan,nan
0.469000,nan,nan
0.470000,nan,nan
0.471000,nan,nan
0.472000,nan,nan
0.473000,nan,nan
0.474000,nan,nan
0.475000,nan,nan
0.476000,nan,nan
0.477000,nan,nan
0.478000,nan,nan
0.479000,nan,nan
0.480000,nan,nan
0.481000,nan,nan
0.482000,nan,nan
0.483000,nan,nan
0.484000,nan,nan
0.485000,nan,nan
0.486000,nan,nan
0.487000,nan,nan
0.488000,nan,nan
0.489000,nan,nan
0.490000,nan,nan
0.491000,nan,nan
0.492000,nan,nan
0.493000,nan,nan
0.494000,nan,nan
0.495000,nan,nan
0.496000,nan,nan
0.497000,nan,nan
0.498000,nan,nan
0.499000,nan,nan
0.500000,nan,nan
0.501000,nan,nan
0.502000,nan,nan
0.503000,nan,nan
0.504000,nan,nan
0.505000,nan,nan
0.506000,nan,nan
0.507000,nan,nan
0.508000,nan,nan
0.509000,nan,nan
0.510000,nan,nan
0.511000,nan,nan
0.512000,nan,nan
0.513000,nan,nan
0.514000,nan,nan
0.515000,nan,nan
0.516000,nan,nan
0.517000,nan,nan
0.518000,nan,nan
0.519000,nan,nan
0.520000,nan,nan
0.521000,nan,nan
0.522000,nan,nan
0.523000,nan,nan
0.524000,nan,nan
0.525000,nan,nan
0.526000,nan,nan
0.527000,nan,nan
0.528000,nan,nan
0.529000,nan,nan
0.530000,nan,nan
0.531000,nan,nan
0.532000,nan,nan
0.533000,nan,nan
0.534000,nan,nan
0.535000,nan,nan
0.536000,nan,nan
0.537000,nan,nan
0.538000,nan,nan
0.539000,nan,nan
0.540000,nan,nan
0.541000,nan,nan
0.542000,nan,nan
0.543000,nan,nan
0.544000,nan,nan
0.545000,nan,nan
0.546000,nan,nan
0.547000,nan,nan
0.548000,nan,nan
0.549000,nan,nan
0.550000,nan,nan
0.551000,nan,nan
0.552000,nan,nan
0.553000,nan,nan
0.554000,nan,nan
0.555000,nan,nan
0.556000,nan,nan
0.557000,nan,nan
0.558000,nan,nan
0.559000,nan,nan
0.560000,nan,nan
0.561000,nan,nan
0.562000,nan,nan
0.563000,nan,nan
0.564000,nan,nan
0.565000,nan,nan
0.566000,nan,nan
0.567000,nan,nan
0.568000,nan,nan
0.569000,nan,nan
0.570000,nan,nan
0.571000,nan,nan
0.572000,nan,nan
0.573000,nan,nan
0.574000,nan,nan
0.575000,nan,nan
0.576000,nan,nan
0.577000,nan,nan
0.578000,nan,nan
0.579000,nan,nan
0.580000,nan,nan
0.581000,nan,nan
0.582000,nan,nan
0.583000,nan,nan
0.584000,nan,nan
0.585000,nan,nan
0.586000,nan,nan
0.587000,nan,nan
0.588000,nan,nan
0.589000,nan,nan
0.590000,nan,nan
0.591000,nan,nan
0.592000,nan,nan
0.593000,nan,nan
0.594000,nan,nan
0.595000,nan,nan
0.596000,nan,nan
0.597000,nan,nan
0.598000,nan,nan
0.599000,nan,nan
0.600000,nan,nan
0.601000,nan,nan
0.602000,nan,nan
0.603000,nan,nan
0.604000,nan,nan
0.605000,nan,nan
0.606000,nan,nan
0.607000,nan,nan
0.608000,nan,nan
0.609000,nan,nan
0.610000,nan,nan
0.611000,nan,nan
0.612000,nan,nan
0.613000,nan,nan
0.614000,nan,nan
0.615000,nan,nan
0.616000,nan,nan
0.617000,nan,nan
0.618000,nan,nan
0.619000,nan,nan
0.620000,nan,nan
0.621000,nan,nan
0.622000,nan,nan
0.623000,nan,nan
0.624000,nan,nan
0.625000,nan,nan
0.626000,nan,nan
0.627000,nan,nan
0.628000,nan,nan
0.629000,nan,nan
0.630000,nan,nan
0.631000,nan,nan
0.632000,nan,nan
0.633000,nan,nan
0.634000,nan,nan
0.635000,nan,nan
0.636000,nan,nan
0.637000,nan,nan
0.638000,nan,nan
0.639000,nan,nan
0.640000,nan,nan
0.641000,nan,nan
0.642000,nan,nan
0.643000,nan,nan
0.644000,nan,nan
0.645000,nan,nan
0.646000,nan,nan
0.647000,nan,nan
0.648000,nan,nan
0.649000,nan,nan
0.650000,nan,nan
0.651000,nan,nan
0.652000,nan,nan
0.653000,nan,nan
0.654000,nan,nan
0.655000,nan,nan
0.656000,nan,nan
0.657000,nan,nan
0.658000,nan,nan
0.659000,nan,nan
0.660000,nan,nan
0.661000,nan,nan
0.662000,nan,nan
0.663000,nan,nan
0.664000,nan,nan
0.665000,nan,nan
0.666000,nan,nan
0.667000,nan,nan
0.668000,nan,nan
0.669000,nan,nan
0.670000,nan,nan
0.671000,nan,nan
0.672000,nan,nan
0.673000,nan,nan
0.674000,nan,nan
0.675000,nan,nan
0.676000,nan,nan
0.677000,nan,nan
0.678000,nan,nan
0.679000,nan,nan
0.680000,nan,nan
0.681000,nan,nan
0.682000,nan,nan
0.683000,nan,nan
0.684000,nan,nan
0.685000,nan,nan
0.686000,nan,nan
0.687000,nan,nan
0.688000,nan,nan
0.689000,nan,nan
0.690000,nan,nan
0.691000,nan,nan
0.692000,nan,nan
0.693000,nan,nan
0.694000,nan,nan
0.695000,nan,nan
0.696000,nan,nan
0.697000,nan,nan
0.698000,nan,nan
0.699000,nan,nan
0.700000,nan,nan
0.701000,nan,nan
0.702000,nan,nan
0.703000,nan,nan
0.704000,nan,nan
0.705000,nan,nan
0.706000,nan,nan
0.707000,nan,nan
0.708000,nan,nan
0.709000,nan,nan
0.710000,nan,nan
0.711000,nan,nan
0.712000,nan,nan
0.713000,nan,nan
0.714000,nan,nan
0.715000,nan,nan
0.716000,nan,nan
0.717000,nan,nan
0.718000,nan,nan
0.719000,nan,nan
0.720000,nan,nan
0.721000,nan,nan
0.722000,nan,nan
0.723000,nan,nan
0.724000,nan,nan
0.725000,nan,nan
0.726000,nan,nan
0.727000,nan,nan
0.728000,nan,nan
0.729000,nan,nan
0.730000,nan,nan
0.731000,nan,nan
0.732000,nan,nan
0.733000,nan,nan
0.734000,nan,nan
0.735000,nan,nan
0.736000,nan,nan
0.737000,nan,nan
0.738000,nan,nan
0.739000,nan,nan
0.740000,nan,nan
0.741000,nan,nan
0.742000,nan,nan
0.743000,nan,nan
0.744000,nan,nan
0.745000,nan,nan
0.746000,nan,nan
0.747000,nan,nan
0.748000,nan,nan
0.749000,nan,nan
0.750000,nan,nan
0.751000,nan,nan
0.752000,nan,nan
0.753000,nan,nan
0.754000,nan,nan
0.755000,nan,nan
0.756000,nan,nan
0.757000,nan,nan
0.758000,nan,nan
0.759000,nan,nan
0.760000,nan,nan
0.761000,nan,nan
0.762000,nan,nan
0.763000,nan,nan
0.764000,nan,nan
0.765000,nan,nan
0.766000,nan,nan
0.767000,nan,nan
0.768000,nan,nan
0.769000,nan,nan
0.770000,nan,nan
0.771000,nan,nan
0.772000,nan,nan
0.773000,nan,nan
0.774000,nan,nan
0.775000,nan,nan
0.776000,nan,nan
0.777000,nan,nan
0.778000,nan,nan
0.779000,nan,nan
0.780000,nan,nan
0.781000,nan,nan
0.782000,nan,nan
0.783000,nan,nan
0.784000,nan,nan
0.785000,nan,nan
0.786000,nan,nan
0.787000,nan,nan
0.788000,nan,nan
0.789000,nan,nan
0.790000,nan,nan
0.791000,nan,nan
0.792000,nan,nan
0.793000,nan,nan
0.794000,nan,nan
0.795000,nan,nan
0.796000,nan,nan
0.797000,nan,nan
0.798000,nan,nan
0.799000,nan,nan
0.800000,nan,nan
0.801000,nan,nan
0.802000,nan,nan
0.803000,nan,nan
0.804000,nan,nan
0.805000,nan,nan
0.806000,nan,nan
0.807000,nan,nan
0.808000,nan,nan
0.809000,nan,nan
0.810000,nan,nan
0.811000,nan,nan
0.812000,nan,nan
0.813000,nan,nan
0.814000,nan,nan
0.815000,nan,nan
0.816000,nan,nan
0.817000,nan,nan
0.818000,nan,nan
0.819000,nan,nan
0.820000,nan,nan
0.821000,nan,nan
0.822000,nan,nan
0.823000,nan,nan
0.824000,nan,nan
0.825000,nan,nan
0.826000,nan,nan
0.827000,nan,nan
0.828000,nan,nan
0.829000,nan,nan
0.830000,nan,nan
0.831000,nan,nan
0.832000,nan,nan
0.833000,nan,nan
0.834000,nan,nan
0.835000,nan,nan
0.836000,nan,nan
0.837000,nan,nan
0.838000,nan,nan
0.839000,nan,nan
0.840000,nan,nan
0.841000,nan,nan
0.842000,nan,nan
0.843000,nan,nan
0.844000,nan,nan
0.845000,nan,nan
0.846000,nan,nan
0.847000,nan,nan
0.848000,nan,nan
0.849000,nan,nan
0.850000,nan,nan
0.851000,nan,nan
0.852000,nan,nan
0.853000,nan,nan
0.854000,nan,nan
0.855000,nan,nan
0.856000,nan,nan
0.857000,nan,nan
0.858000,nan,nan
0.859000,nan,nan
0.860000,nan,nan
0.861000,nan,nan
0.862000,nan,nan
0.863000,nan,nan
0.864000,nan,nan
0.865000,nan,nan
0.866000,nan,nan
0.867000,nan,nan
0.868000,nan,nan
0.869000,nan,nan
0.870000,nan,nan
0.871000,nan,nan
0.872000,nan,nan
0.873000,nan,nan
0.874000,nan,nan
0.875000,nan,nan
0.876000,nan,nan
0.877000,nan,nan
0.878000,nan,nan
0.879000,nan,nan
0.880000,nan,nan
0.881000,nan,nan
0.882000,nan,nan
0.883000,nan,nan
0.884000,nan,nan
0.885000,nan,nan
0.886000,nan,nan
0.887000,nan,nan
0.888000,nan,nan
0.889000,nan,nan
0.890000,nan,nan
0.891000,nan,nan
0.892000,nan,nan
0.893000,nan,nan
0.894000,nan,nan
0.895000,nan,nan
0.896000,nan,nan
0.897000,nan,nan
0.898000,nan,nan
0.899000,nan,nan
0.900000,nan,nan
0.901000,nan,nan
0.902000,nan,nan
0.903000,nan,nan
0.904000,nan,nan
0.905000,nan,nan
0.906000,nan,nan
0.907000,nan,nan
0.908000,nan,nan
0.909000,nan,nan
0.910000,nan,nan
0.911000,nan,nan
0.912000,nan,nan
0.913000,nan,nan
0.914000,nan,nan
0.915000,nan,nan
0.916000,nan,nan
0.917000,nan,nan
0.918000,nan,nan
0.919000,nan,nan
0.920000,nan,nan
0.921000,nan,nan
0.922000,nan,nan
0.923000,nan,nan
0.924000,nan,nan
0.925000,nan,nan
0.926000,nan,nan
0.927000,nan,nan
0.928000,nan,nan
0.929000,nan,nan
0.930000,nan,nan
0.931000,nan,nan
0.932000,nan,nan
0.933000,nan,nan
0.934000,nan,nan
0.935000,nan,nan
0.936000,nan,nan
0.937000,nan,nan
0.938000,nan,nan
0.939000,nan,nan
0.940000,nan,nan
0.941000,nan,nan
0.942000,nan,nan
0.943000,nan,nan
0.944000,nan,nan
0.945000,nan,nan
0.946000,nan,nan
0.947000,nan,nan
0.948000,nan,nan
0.949000,nan,nan
0.950000,nan,nan
0.951000,nan,nan
0.952000,nan,nan
0.953000,nan,nan
0.954000,nan,nan
0.955000,nan,nan
0.956000,nan,nan
0.957000,nan,nan
0.958000,nan,nan
0.959000,nan,nan
0.960000,nan,nan
0.961000,nan,nan
0.962000,nan,nan
0.963000,nan,nan
0.964000,nan,nan
0.965000,nan,nan
0.966000,nan,nan
0.967000,nan,nan
0.968000,nan,nan
0.969000,nan,nan
0.970000,nan,nan
0.971000,nan,nan
0.972000,nan,nan
0.973000,nan,nan
0.974000,nan,nan
0.975000,nan,nan
0.976000,nan,nan
0.977000,nan,nan
0.978000,nan,nan
0.979000,nan,nan
0.980000,nan,nan
0.981000,nan,nan
0.982000,nan,nan
0.983000,nan,nan
0.984000,nan,nan
0.985000,nan,nan
0.986000,nan,nan
0.987000,nan,nan
0.988000,nan,nan
0.989000,nan,nan
0.990000,nan,nan
0.991000,nan,nan
0.992000,nan,nan
0.993000,nan,nan
0.994000,nan,nan
0.995000,nan,nan
0.996000,nan,nan
0.997000,nan,nan
0.998000,nan,nan
0.999000,nan,nan
1.000000,nan,nan
1.001000,nan,nan
1.002000,nan,nan
1.003000,nan,nan
1.004000,nan,nan
1.005000,nan,nan
1.006000,nan,nan
1.007000,nan,nan
1.008000,nan,nan
1.009000,nan,nan
1.010000,nan,nan
1.011000,nan,nan
1.012000,nan,nan
1.013000,nan,nan
1.014000,nan,nan
1.015000,nan,nan
1.016000,nan,nan
1.017000,nan,nan
1.018000,nan,nan
1.019000,nan,nan
1.020000,nan,nan
1.021000,nan,nan
1.022000,nan,nan
1.023000,nan,nan
1.024000,nan,nan
1.025000,nan,nan
1.026000,nan,nan
1.027000,nan,nan
1.028000,nan,nan
1.029000,nan,nan
1.030000,nan,nan
1.031000,nan,nan
1.032000,nan,nan
1.033000,nan,nan
1.034000,nan,nan
1.035000,nan,nan
1.036000,nan,nan
1.037000,nan,nan
1.038000,nan,nan
1.039000,nan,nan
1.040000,nan,nan
1.041000,nan,nan
1.042000,nan,nan
1.043000,nan,nan
1.044000,nan,nan
1.045000,nan,nan
1.046000,nan,nan
1.047000,nan,nan
1.048000,nan,nan
1.049000,nan,nan
1.050000,nan,nan
1.051000,nan,nan
1.052000,nan,nan
1.053000,nan,nan
1.054000,nan,nan
1.055000,nan,nan
1.056000,nan,nan
1.057000,nan,nan
1.058000,nan,nan
1.059000,nan,nan
1.060000,nan,nan
1.061000,nan,nan
1.062000,nan,nan
1.063000,nan,nan
1.064000,nan,nan
1.065000,nan,nan
1.066000,nan,nan
1.067000,nan,nan
1.068000,nan,nan
1.069000,nan,nan
1.070000,nan,nan
1.071000,nan,nan
1.072000,nan,nan
1.073000,nan,nan
1.074000,nan,nan
1.075000,nan,nan
1.076000,nan,nan
1.077000,nan,nan
1.078000,nan,nan
1.079000,nan,nan
1.080000,nan,nan
1.081000,nan,nan
1.082000,nan,nan
1.083000,nan,nan
1.084000,nan,nan
1.085000,nan,nan
1.086000,nan,nan
1.087000,nan,nan
1.088000,nan,nan
1.089000,nan,nan
1.090000,nan,nan
1.091000,nan,nan
1.092000,nan,nan
1.093000,nan,nan
1.094000,nan,nan
1.095000,nan,nan
1.096000,nan,nan
1.097000,nan,nan
1.098000,nan,nan
1.099000,nan,nan
1.100000,nan,nan
1.101000,nan,nan
1.102000,nan,nan
1.103000,nan,nan
1.104000,nan,nan
1.105000,nan,nan
1.106000,nan,nan
1.107000,nan,nan
1.108000,nan,nan
1.109000,nan,nan
1.110000,nan,nan
1.111000,nan,nan
1.112000,nan,nan
1.113000,nan,nan
1.114000,nan,nan
1.115000,nan,nan
1.116000,nan,nan
1.117000,nan,nan
1.118000,nan,nan
1.119000,nan,nan
1.120000,nan,nan
1.121000,nan,nan
1.122000,nan,nan
1.123000,nan,nan
1.124000,nan,nan
1.125000,nan,nan
1.126000,nan,nan
1.127000,nan,nan
1.128000,nan,nan
1.129000,nan,nan
1.130000,nan,nan
1.131000,nan,nan
1.132000,nan,nan
1.133000,nan,nan
1.134000,nan,nan
1.135000,nan,nan
1.136000,nan,nan
1.137000,nan,nan
1.138000,nan,nan
1.139000,nan,nan
1.140000,nan,nan
1.141000,nan,nan
1.142000,nan,nan
1.143000,nan,nan
1.144000,nan,nan
1.145000,nan,nan
1.146000,nan,nan
1.147000,nan,nan
1.148000,nan,nan
1.149000,nan,nan
1.150000,nan,nan
1.151000,nan,nan
1.152000,nan,nan
1.153000,nan,nan
1.154000,nan,nan
1.155000,nan,nan
1.156000,nan,nan
1.157000,nan,nan
1.158000,nan,nan
1.159000,nan,nan
1.160000,nan,nan
1.161000,nan,nan
1.162000,nan,nan
1.163000,nan,nan
1.164000,nan,nan
1.165000,nan,nan
1.166000,nan,nan
1.167000,nan,nan
1.168000,nan,nan
1.169000,nan,nan
1.170000,nan,nan
1.171000,nan,nan
1.172000,nan,nan
1.173000,nan,nan
1.174000,nan,nan
1.175000,nan,nan
1.176000,nan,nan
1.177000,nan,nan
1.178000,nan,nan
1.179000,nan,nan
1.180000,nan,nan
1.181000,nan,nan
1.182000,nan,nan
1.183000,nan,nan
1.184000,nan,nan
1.185000,nan,nan
1.186000,nan,nan
1.187000,nan,nan
1.188000,nan,nan
1.189000,nan,nan
1.190000,nan,nan
1.191000,nan,nan
1.192000,nan,nan
1.193000,nan,nan
1.194000,nan,nan
1.195000,nan,nan
1.196000,nan,nan
1.197000,nan,nan
1.198000,nan,nan
1.199000,nan,nan
1.200000,nan,nan
1.201000,nan,nan
1.202000,nan,nan
1.203000,nan,nan
1.204000,nan,nan
1.205000,nan,nan
1.206000,nan,nan
1.207000,nan,nan
1.208000,nan,nan
1.209000,nan,nan
1.210000,nan,nan
1.211000,nan,nan
1.212000,nan,nan
1.213000,nan,nan
1.214000,nan,nan
1.215000,nan,nan
1.216000,nan,nan
1.217000,nan,nan
1.218000,nan,nan
1.219000,nan,nan
1.220000,nan,nan
1.221000,nan,nan
1.222000,nan,nan
1.223000,nan,nan
1.224000,nan,nan
1.225000,nan,nan
1.226000,nan,nan
1.227000,nan,nan
1.228000,nan,nan
1.229000,nan,nan
1.230000,nan,nan
1.231000,nan,nan
1.232000,nan,nan
1.233000,nan,nan
1.234000,nan,nan
1.235000,nan,nan
1.236000,nan,nan
1.237000,nan,nan
1.238000,nan,nan
1.239000,nan,nan
1.240000,nan,nan
1.241000,nan,nan
1.242000,nan,nan
1.243000,nan,nan
1.244000,nan,nan
1.245000,nan,nan
1.246000,nan,nan
1.247000,nan,nan
1.248000,nan,nan
1.249000,nan,nan
1.250000,nan,nan
1.251000,nan,nan
1.252000,nan,nan
1.253000,nan,nan
1.254000,nan,nan
1.255000,nan,nan
1.256000,nan,nan
1.257000,nan,nan
1.258000,nan,nan
1.259000,nan,nan
1.260000,nan,nan
1.261000,nan,nan
1.262000,nan,nan
1.263000,nan,nan
1.264000,nan,nan
1.265000,nan,nan
1.266000,nan,nan
1.267000,nan,nan
1.268000,nan,nan
1.269000,nan,nan
1.270000,nan,nan
1.271000,nan,nan
1.272000,nan,nan
1.273000,nan,nan
1.274000,nan,nan
1.275000,nan,nan
1.276000,nan,nan
1.277000,nan,nan
1.278000,nan,nan
1.279000,nan,nan
1.280000,nan,nan
1.281000,nan,nan
1.282000,nan,nan
1.283000,nan,nan
1.284000,nan,nan
1.285000,nan,nan
1.286000,nan,nan
1.287000,nan,nan
1.288000,nan,nan
1.289000,nan,nan
1.290000,nan,nan
1.291000,nan,nan
1.292000,nan,nan
1.293000,nan,nan
1.294000,nan,nan
1.295000,nan,nan
1.296000,nan,nan
1.297000,nan,nan
1.298000,nan,nan
1.299000,nan,nan
1.300000,nan,nan
1.301000,nan,nan
1.302000,nan,nan
1.303000,nan,nan
1.304000,nan,nan
1.305000,nan,nan
1.306000,nan,nan
1.307000,nan,nan
1.308000,nan,nan
1.309000,nan,nan
1.310000,nan,nan
1.311000,nan,nan
1.312000,nan,nan
1.313000,nan,nan
1.314000,nan,nan
1.315000,nan,nan
1.316000,nan,nan
1.317000,nan,nan
1.318000,nan,nan
1.319000,nan,nan
1.320000,nan,nan
1.321000,nan,nan
1.322000,nan,nan
1.323000,nan,nan
1.324000,nan,nan
1.325000,nan,nan
1.326000,nan,nan
1.327000,nan,nan
1.328000,nan,nan
1.329000,nan,nan
1.330000,nan,nan
1.331000,nan,nan
1.332000,nan,nan
1.333000,nan,nan
1.334000,nan,nan
1.335000,nan,nan
1.336000,nan,nan
1.337000,nan,nan
1.338000,nan,nan
1.339000,nan,nan
1.340000,nan,nan
1.341000,nan,nan
1.342000,nan,nan
1.343000,nan,nan
1.344000,nan,nan
1.345000,nan,nan
1.346000,nan,nan
1.347000,nan,nan
1.348000,nan,nan
1.349000,nan,nan
1.350000,nan,nan
1.351000,nan,nan
1.352000,nan,nan
1.353000,nan,nan
1.354000,nan,nan
1.355000,nan,nan
1.356000,nan,nan
1.357000,nan,nan
1.358000,nan,nan
1.359000,nan,nan
1.360000,nan,nan
1.361000,nan,nan
1.362000,nan,nan
1.363000,nan,nan
1.364000,nan,nan
1.365000,nan,nan
1.366000,nan,nan
1.367000,nan,nan
1.368000,nan,nan
1.369000,nan,nan
1.370000,nan,nan
1.371000,nan,nan
1.372000,nan,nan
1.373000,nan,nan
1.374000,nan,nan
1.375000,nan,nan
1.376000,nan,nan
1.377000,nan,nan
1.378000,nan,nan
1.379000,nan,nan
1.380000,nan,nan
1.381000,nan,nan
1.382000,nan,nan
1.383000,nan,nan
1.384000,nan,nan
1.385000,nan,nan
1.386000,nan,nan
1.387000,nan,nan
1.388000,nan,nan
1.389000,nan,nan
1.390000,nan,nan
1.391000,nan,nan
1.392000,nan,nan
1.393000,nan,nan
1.394000,nan,nan
1.395000,nan,nan
1.396000,nan,nan
1.397000,nan,nan
1.398000,nan,nan
1.399000,nan,nan
1.400000,nan,nan
1.401000,nan,nan
1.402000,nan,nan
1.403000,nan,nan
1.404000,nan,nan
1.405000,nan,nan
1.406000,nan,nan
1.407000,nan,nan
1.408000,nan,nan
1.409000,nan,nan
1.410000,nan,nan
1.411000,nan,nan
1.412000,nan,nan
1.413000,nan,nan
1.414000,nan,nan
1.415000,nan,nan
1.416000,nan,nan
1.417000,nan,nan
1.418000,nan,nan
1.419000,nan,nan
1.420000,nan,nan
1.421000,nan,nan
1.422000,nan,nan
1.423000,nan,nan
1.424000,nan,nan
1.425000,nan,nan
1.426000,nan,nan
1.427000,nan,nan
1.428000,nan,nan
1.429000,nan,nan
1.430000,nan,nan
1.431000,nan,nan
1.432000,nan,nan
1.433000,nan,nan
1.434000,nan,nan
1.435000,nan,nan
1.436000,nan,nan
1.437000,nan,nan
1.438000,nan,nan
1.439000,nan,nan
1.440000,nan,nan
1.441000,nan,nan
1.442000,nan,nan
1.443000,nan,nan
1.444000,nan,nan
1.445000,nan,nan
1.446000,nan,nan
1.447000,nan,nan
1.448000,nan,nan
1.449000,nan,nan
1.450000,nan,nan
1.451000,nan,nan
1.452000,nan,nan
1.453000,nan,nan
1.454000,nan,nan
1.455000,nan,nan
1.456000,nan,nan
1.457000,nan,nan
1.458000,nan,nan
1.459000,nan,nan
1.460000,nan,nan
1.461000,nan,nan
1.462000,nan,nan
1.463000,nan,nan
1.464000,nan,nan
1.465000,nan,nan
1.466000,nan,nan
1.467000,nan,nan
1.468000,nan,nan
1.469000,nan,nan
1.470000,nan,nan
1.471000,nan,nan
1.472000,nan,nan
1.473000,nan,nan
1.474000,nan,nan
1.475000,nan,nan
1.476000,nan,nan
1.477000,nan,nan
1.478000,nan,nan
1.479000,nan,nan
1.480000,nan,nan
1.481000,nan,nan
1.482000,nan,nan
1.483000,nan,nan
1.484000,nan,nan
1.485000,nan,nan
1.486000,nan,nan
1.487000,nan,nan
1.488000,nan,nan
1.489000,nan,nan
1.490000,nan,nan
1.491000,nan,nan
1.492000,nan,nan
1.493000,nan,nan
1.494000,nan,nan
1.495000,nan,nan
1.496000,nan,nan
1.497000,nan,nan
1.498000,nan,nan
1.499000,nan,nan
1.500000,nan,nan
1.501000,nan,nan
1.502000,nan,nan
1.503000,nan,nan
1.504000,nan,nan
1.505000,nan,nan
1.506000,nan,nan
1.507000,nan,nan
1.508000,nan,nan
1.509000,nan,nan
1.510000,nan,nan
1.511000,nan,nan
1.512000,nan,nan
1.513000,nan,nan
1.514000,nan,nan
1.515000,nan,nan
1.516000,nan,nan
1.517000,nan,nan
1.518000,nan,nan
1.519000,nan,nan
1.520000,nan,nan
1.521000,nan,nan
1.522000,nan,nan
1.523000,nan,nan
1.524000,nan,nan
1.525000,nan,nan
1.526000,nan,nan
1.527000,nan,nan
1.528000,nan,nan
1.529000,nan,nan
1.530000,nan,nan
1.531000,nan,nan
1.532000,nan,nan
1.533000,nan,nan
1.534000,nan,nan
1.535000,nan,nan
1.536000,nan,nan
1.537000,nan,nan
1.538000,nan,nan
1.539000,nan,nan
1.540000,nan,nan
1.541000,nan,nan
1.542000,nan,nan
1.543000,nan,nan
1.544000,nan,nan
1.545000,nan,nan
1.546000,nan,nan
1.547000,nan,nan
1.548000,nan,nan
1.549000,nan,nan
1.550000,nan,nan
1.551000,nan,nan
1.552000,nan,nan
1.553000,nan,nan
1.554000,nan,nan
1.555000,nan,nan
1.556000,nan,nan
1.557000,nan,nan
1.558000,nan,nan
1.559000,nan,nan
1.560000,nan,nan
1.561000,nan,nan
1.562000,nan,nan
1.563000,nan,nan
1.564000,nan,nan
1.565000,nan,nan
1.566000,nan,nan
1.567000,nan,nan
1.568000,nan,nan
1.569000,nan,nan
1.570000,nan,nan
1.571000,nan,nan
1.572000,nan,nan
1.573000,nan,nan
1.574000,nan,nan
1.575000,nan,nan
1.576000,nan,nan
1.577000,nan,nan
1.578000,nan,nan
1.579000,nan,nan
1.580000,nan,nan
1.581000,nan,nan
1.582000,nan,nan
1.583000,nan,nan
1.584000,nan,nan
1.585000,nan,nan
1.586000,nan,nan
1.587000,nan,nan
1.588000,nan,nan
1.589000,nan,nan
1.590000,nan,nan
1.591000,nan,nan
1.592000,nan,nan
1.593000,nan,nan
1.594000,nan,nan
1.595000,nan,nan
1.596000,nan,nan
1.597000,nan,nan
1.598000,nan,nan
1.599000,nan,nan
1.600000,nan,nan
1.601000,nan,nan
1.602000,nan,nan
1.603000,nan,nan
1.604000,nan,nan
1.605000,nan,nan
1.606000,nan,nan
1.607000,nan,nan
1.608000,nan,nan
1.609000,nan,nan
1.610000,nan,nan
1.611000,nan,nan
1.612000,nan,nan
1.613000,nan,nan
1.614000,nan,nan
1.615000,nan,nan
1.616000,nan,nan
1.617000,nan,nan
1.618000,nan,nan
1.619000,nan,nan
1.620000,nan,nan
1.621000,nan,nan
1.622000,nan,nan
1.623000,nan,nan
1.624000,nan,nan
1.625000,nan,nan
1.626000,nan,nan
1.627000,nan,nan
1.628000,nan,nan
1.629000,nan,nan
1.630000,nan,nan
1.631000,nan,nan
1.632000,nan,nan
1.633000,nan,nan
1.634000,nan,nan
1.635000,nan,nan
1.636000,nan,nan
1.637000,nan,nan
1.638000,nan,nan
1.639000,nan,nan
1.640000,nan,nan
1.641000,nan,nan
1.642000,nan,nan
1.643000,nan,nan
1.644000,nan,nan
1.645000,nan,nan
1.646000,nan,nan
1.647000,nan,nan
1.648000,nan,nan
1.649000,nan,nan
1.650000,nan,nan
1.651000,nan,nan
1.652000,nan,nan
1.653000,nan,nan
1.654000,nan,nan
1.655000,nan,nan
1.656000,nan,nan
1.657000,nan,nan
1.658000,nan,nan
1.659000,nan,nan
1.660000,nan,nan
1.661000,nan,nan
1.662000,nan,nan
1.663000,nan,nan
1.664000,nan,nan
1.665000,nan,nan
1.666000,nan,nan
1.667000,nan,nan
1.668000,nan,nan
1.669000,nan,nan
1.670000,nan,nan
1.671000,nan,nan
1.672000,nan,nan
1.673000,nan,nan
1.674000,nan,nan
1.675000,nan,nan
1.676000,nan,nan
1.677000,nan,nan
1.678000,nan,nan
1.679000,nan,nan
1.680000,nan,nan
1.681000,nan,nan
1.682000,nan,nan
1.683000,nan,nan
1.684000,nan,nan
1.685000,nan,nan
1.686000,nan,nan
1.687000,nan,nan
1.688000,nan,nan
1.689000,nan,nan
1.690000,nan,nan
1.691000,nan,nan
1.692000,nan,nan
1.693000,nan,nan
1.694000,nan,nan
1.695000,nan,nan
1.696000,nan,nan
1.697000,nan,nan
1.698000,nan,nan
1.699000,nan,nan
1.700000,nan,nan
1.701000,nan,nan
1.702000,nan,nan
1.703000,nan,nan
1.704000,nan,nan
1.705000,nan,nan
1.706000,nan,nan
1.707000,nan,nan
1.708000,nan,nan
1.709000,nan,nan
1.710000,nan,nan
1.711000,nan,nan
1.712000,nan,nan
1.713000,nan,nan
1.714000,nan,nan
1.715000,nan,nan
1.716000,nan,nan
1.717000,nan,nan
1.718000,nan,nan
1.719000,nan,nan
1.720000,nan,nan
1.721000,nan,nan
1.722000,nan,nan
1.723000,nan,nan
1.724000,nan,nan
1.725000,nan,nan
1.726000,nan,nan
1.727000,nan,nan
1.728000,nan,nan
1.729000,nan,nan
1.730000,nan,nan
1.731000,nan,nan
1.732000,nan,nan
1.733000,nan,nan
1.734000,nan,nan
1.735000,nan,nan
1.736000,nan,nan
1.737000,nan,nan
1.738000,nan,nan
1.739000,nan,nan
1.740000,nan,nan
1.741000,nan,nan
1.742000,nan,nan
1.743000,nan,nan
1.744000,nan,nan
1.745000,nan,nan
1.746000,nan,nan
1.747000,nan,nan
1.748000,nan,nan
1.749000,nan,nan
1.750000,nan,nan
1.751000,nan,nan
1.752000,nan,nan
1.753000,nan,nan
1.754000,nan,nan
1.755000,nan,nan
1.756000,nan,nan
1.757000,nan,nan
1.758000,nan,nan
1.759000,nan,nan
1.760000,nan,nan
1.761000,nan,nan
1.762000,nan,nan
1.763000,nan,nan
1.764000,nan,nan
1.765000,nan,nan
1.766000,nan,nan
1.767000,nan,nan
1.768000,nan,nan
1.769000,nan,nan
1.770000,nan,nan
1.771000,nan,nan
1.772000,nan,nan
1.773000,nan,nan
1.774000,nan,nan
1.775000,nan,nan
1.776000,nan,nan
1.777000,nan,nan
1.778000,nan,nan
1.779000,nan,nan
1.780000,nan,nan
1.781000,nan,nan
1.782000,nan,nan
1.783000,nan,nan
1.784000,nan,nan
1.785000,nan,nan
1.786000,nan,nan
1.787000,nan,nan
1.788000,nan,nan
1.789000,nan,nan
1.790000,nan,nan
1.791000,nan,nan
1.792000,nan,nan
1.793000,nan,nan
1.794000,nan,nan
1.795000,nan,nan
1.796000,nan,nan
1.797000,nan,nan
1.798000,nan,nan
1.799000,nan,nan
1.800000,nan,nan
1.801000,nan,nan
1.802000,nan,nan
1.803000,nan,nan
1.804000,nan,nan
1.805000,nan,nan
1.806000,nan,nan
1.807000,nan,nan
1.808000,nan,nan
1.809000,nan,nan
1.810000,nan,nan
1.811000,nan,nan
1.812000,nan,nan
1.813000,nan,nan
1.814000,nan,nan
1.815000,nan,nan
1.816000,nan,nan
1.817000,nan,nan
1.818000,nan,nan
1.819000,nan,nan
1.820000,nan,nan
1.821000,nan,nan
1.822000,nan,nan
1.823000,nan,nan
1.824000,nan,nan
1.825000,nan,nan
1.826000,nan,nan
1.827000,nan,nan
1.828000,nan,nan
1.829000,nan,nan
1.830000,nan,nan
1.831000,nan,nan
1.832000,nan,nan
1.833000,nan,nan
1.834000,nan,nan
1.835000,nan,nan
1.836000,nan,nan
1.837000,nan,nan
1.838000,nan,nan
1.839000,nan,nan
1.840000,nan,nan
1.841000,nan,nan
1.842000,nan,nan
1.843000,nan,nan
1.844000,nan,nan
1.845000,nan,nan
1.846000,nan,nan
1.847000,nan,nan
1.848000,nan,nan
1.849000,nan,nan
1.850000,nan,nan
1.851000,nan,nan
1.852000,nan,nan
1.853000,nan,nan
1.854000,nan,nan
1.855000,nan,nan
1.856000,nan,nan
1.857000,nan,nan
1.858000,nan,nan
1.859000,nan,nan
1.860000,nan,nan
1.861000,nan,nan
1.862000,nan,nan
1.863000,nan,nan
1.864000,nan,nan
1.865000,nan,nan
1.866000,nan,nan
1.867000,nan,nan
1.868000,nan,nan
1.869000,nan,nan
1.870000,nan,nan
1.871000,nan,nan
1.872000,nan,nan
1.873000,nan,nan
1.874000,nan,nan
1.875000,nan,nan
1.876000,nan,nan
1.877000,nan,nan
1.878000,nan,nan
1.879000,nan,nan
1.880000,nan,nan
1.881000,nan,nan
1.882000,nan,nan
1.883000,nan,nan
1.884000,nan,nan
1.885000,nan,nan
1.886000,nan,nan
1.887000,nan,nan
1.888000,nan,nan
1.889000,nan,nan
1.890000,nan,nan
1.891000,nan,nan
1.892000,nan,nan
1.893000,nan,nan
1.894000,nan,nan
1.895000,nan,nan
1.896000,nan,nan
1.897000,nan,nan
1.898000,nan,nan
1.899000,nan,nan
1.900000,nan,nan
1.901000,nan,nan
1.902000,nan,nan
1.903000,nan,nan
1.904000,nan,nan
1.905000,nan,nan
1.906000,nan,nan
1.907000,nan,nan
1.908000,nan,nan
1.909000,nan,nan
1.910000,nan,nan
1.911000,nan,nan
1.912000,nan,nan
1.913000,nan,nan
1.914000,nan,nan
1.915000,nan,nan
1.916000,nan,nan
1.917000,nan,nan
1.918000,nan,nan
1.919000,nan,nan
1.920000,nan,nan
1.921000,nan,nan
1.922000,nan,nan
1.923000,nan,nan
1.924000,nan,nan
1.925000,nan,nan
1.926000,nan,nan
1.927000,nan,nan
1.928000,nan,nan
1.929000,nan,nan
1.930000,nan,nan
1.931000,nan,nan
1.932000,nan,nan
1.933000,nan,nan
1.934000,nan,nan
1.935000,nan,nan
1.936000,nan,nan
1.937000,nan,nan
1.938000,nan,nan
1.939000,nan,nan
1.940000,nan,nan
1.941000,nan,nan
1.942000,nan,nan
1.943000,nan,nan
1.944000,nan,nan
1.945000,nan,nan
1.946000,nan,nan
1.947000,nan,nan
1.948000,nan,nan
1.949000,nan,nan
1.950000,nan,nan
1.951000,nan,nan
1.952000,nan,nan
1.953000,nan,nan
1.954000,nan,nan
1.955000,nan,nan
1.956000,nan,nan
1.957000,nan,nan
1.958000,nan,nan
1.959000,nan,nan
1.960000,nan,nan
1.961000,nan,nan
1.962000,nan,nan
1.963000,nan,nan
1.964000,nan,nan
1.965000,nan,nan
1.966000,nan,nan
1.967000,nan,nan
1.968000,nan,nan
1.969000,nan,nan
1.970000,nan,nan
1.971000,nan,nan
1.972000,nan,nan
1.973000,nan,nan
1.974000,nan,nan
1.975000,nan,nan
1.976000,nan,nan
1.977000,nan,nan
1.978000,nan,nan
1.979000,nan,nan
1.980000,nan,nan
1.981000,nan,nan
1.982000,nan,nan
1.983000,nan,nan
1.984000,nan,nan
1.985000,nan,nan
1.986000,nan,nan
1.987000,nan,nan
1.988000,nan,nan
1.989000,nan,nan
1.990000,nan,nan
1.991000,nan,nan
1.992000,nan,nan
1.993000,nan,nan
1.994000,nan,nan
1.995000,nan,nan
1.996000,nan,nan
1.997000,nan,nan
1.998000,nan,nan
1.999000,nan,nan
2.000000,nan,nan
2.001000,nan,nan
2.002000,nan,nan
2.003000,nan,nan
2.004000,nan,nan
2.005000,nan,nan
2.006000,nan,nan
2.007000,nan,nan
2.008000,nan,nan
2.009000,nan,nan
2.010000,nan,nan
2.011000,nan,nan
2.012000,nan,nan
2.013000,nan,nan
2.014000,nan,nan
2.015000,nan,nan
2.016000,nan,nan
2.017000,nan,nan
2.018000,nan,nan
2.019000,nan,nan
2.020000,nan,nan
2.021000,nan,nan
2.022000,nan,nan
2.023000,nan,nan
2.024000,nan,nan
2.025000,nan,nan
2.026000,nan,nan
2.027000,nan,nan
2.028000,nan,nan
2.029000,nan,nan
2.030000,nan,nan
2.031000,nan,nan
2.032000,nan,nan
2.033000,nan,nan
2.034000,nan,nan
2.035000,nan,nan
2.036000,nan,nan
2.037000,nan,nan
2.038000,nan,nan
2.039000,nan,nan
2.040000,nan,nan
2.041000,nan,nan
2.042000,nan,nan
2.043000,nan,nan
2.044000,nan,nan
2.045000,nan,nan
2.046000,nan,nan
2.047000,nan,nan
2.048000,nan,nan
2.049000,nan,nan
2.050000,nan,nan
2.051000,nan,nan
2.052000,nan,nan
2.053000,nan,nan
2.054000,nan,nan
2.055000,nan,nan
2.056000,nan,nan
2.057000,nan,nan
2.058000,nan,nan
2.059000,nan,nan
2.060000,nan,nan
2.061000,nan,nan
2.062000,nan,nan
2.063000,nan,nan
2.064000,nan,nan
2.065000,nan,nan
2.066000,nan,nan
2.067000,nan,nan
2.068000,nan,nan
2.069000,nan,nan
2.070000,nan,nan
2.071000,nan,nan
2.072000,nan,nan
2.073000,nan,nan
2.074000,nan,nan
2.075000,nan,nan
2.076000,nan,nan
2.077000,nan,nan
2.078000,nan,nan
2.079000,nan,nan
2.080000,nan,nan
2.081000,nan,nan
2.082000,nan,nan
2.083000,nan,nan
2.084000,nan,nan
2.085000,nan,nan
2.086000,nan,nan
2.087000,nan,nan
2.088000,nan,nan
2.089000,nan,nan
2.090000,nan,nan
2.091000,nan,nan
2.092000,nan,nan
2.093000,nan,nan
2.094000,nan,nan
2.095000,nan,nan
2.096000,nan,nan
2.097000,nan,nan
2.098000,nan,nan
2.099000,nan,nan
2.100000,nan,nan
2.101000,nan,nan
2.102000,nan,nan
2.103000,nan,nan
2.104000,nan,nan
2.105000,nan,nan
2.106000,nan,nan
2.107000,nan,nan
2.108000,nan,nan
2.109000,nan,nan
2.110000,nan,nan
2.111000,nan,nan
2.112000,nan,nan
2.113000,nan,nan
2.114000,nan,nan
2.115000,nan,nan
2.116000,nan,nan
2.117000,nan,nan
2.118000,nan,nan
2.119000,nan,nan
2.120000,nan,nan
2.121000,nan,nan
2.122000,nan,nan
2.123000,nan,nan
2.124000,nan,nan
2.125000,nan,nan
2.126000,nan,nan
2.127000,nan,nan
2.128000,nan,nan
2.129000,nan,nan
2.130000,nan,nan
2.131000,nan,nan
2.132000,nan,nan
2.133000,nan,nan
2.134000,nan,nan
2.135000,nan,nan
2.136000,nan,nan
2.137000,nan,nan
2.138000,nan,nan
2.139000,nan,nan
2.140000,nan,nan
2.141000,nan,nan
2.142000,nan,nan
2.143000,nan,nan
2.144000,nan,nan
2.145000,nan,nan
2.146000,nan,nan
2.147000,nan,nan
2.148000,nan,nan
2.149000,nan,nan
2.150000,nan,nan
2.151000,nan,nan
2.152000,nan,nan
2.153000,nan,nan
2.154000,nan,nan
2.155000,nan,nan
2.156000,nan,nan
2.157000,nan,nan
2.158000,nan,nan
2.159000,nan,nan
2.160000,nan,nan
2.161000,nan,nan
2.162000,nan,nan
2.163000,nan,nan
2.164000,nan,nan
2.165000,nan,nan
2.166000,nan,nan
2.167000,nan,nan
2.168000,nan,nan
2.169000,nan,nan
2.170000,nan,nan
2.171000,nan,nan
2.172000,nan,nan
2.173000,nan,nan
2.174000,nan,nan
2.175000,nan,nan
2.176000,nan,nan
2.177000,nan,nan
2.178000,nan,nan
2.179000,nan,nan
2.180000,nan,nan
2.181000,nan,nan
2.182000,nan,nan
2.183000,nan,nan
2.184000,nan,nan
2.185000,nan,nan
2.186000,nan,nan
2.187000,nan,nan
2.188000,nan,nan
2.189000,nan,nan
2.190000,nan,nan
2.191000,nan,nan
2.192000,nan,nan
2.193000,nan,nan
2.194000,nan,nan
2.195000,nan,nan
2.196000,nan,nan
2.197000,nan,nan
2.198000,nan,nan
2.199000,nan,nan
2.200000,nan,nan
2.201000,nan,nan
2.202000,nan,nan
2.203000,nan,nan
2.204000,nan,nan
2.205000,nan,nan
2.206000,nan,nan
2.207000,nan,nan
2.208000,nan,nan
2.209000,nan,nan
2.210000,nan,nan
2.211000,nan,nan
2.212000,nan,nan
2.213000,nan,nan
2.214000,nan,nan
2.215000,nan,nan
2.216000,nan,nan
2.217000,nan,nan
2.218000,nan,nan
2.219000,nan,nan
2.220000,nan,nan
2.221000,nan,nan
2.222000,nan,nan
2.223000,nan,nan
2.224000,nan,nan
2.225000,nan,nan
2.226000,nan,nan
2.227000,nan,nan
2.228000,nan,nan
2.229000,nan,nan
2.230000,nan,nan
2.231000,nan,nan
2.232000,nan,nan
2.233000,nan,nan
2.234000,nan,nan
2.235000,nan,nan
2.236000,nan,nan
2.237000,nan,nan
2.238000,nan,nan
2.239000,nan,nan
2.240000,nan,nan
2.241000,nan,nan
2.242000,nan,nan
2.243000,nan,nan
2.244000,nan,nan
2.245000,nan,nan
2.246000,nan,nan
2.247000,nan,nan
2.248000,nan,nan
2.249000,nan,nan
2.250000,nan,nan
2.251000,nan,nan
2.252000,nan,nan
2.253000,nan,nan
2.254000,nan,nan
2.255000,nan,nan
2.256000,nan,nan
2.257000,nan,nan
2.258000,nan,nan
2.259000,nan,nan
2.260000,nan,nan
2.261000,nan,nan
2.262000,nan,nan
2.263000,nan,nan
2.264000,nan,nan
2.265000,nan,nan
2.266000,nan,nan
2.267000,nan,nan
2.268000,nan,nan
2.269000,nan,nan
2.270000,nan,nan
2.271000,nan,nan
2.272000,nan,nan
2.273000,nan,nan
2.274000,nan,nan
2.275000,nan,nan
2.276000,nan,nan
2.277000,nan,nan
2.278000,nan,nan
2.279000,nan,nan
2.280000,nan,nan
2.281000,nan,nan
2.282000,nan,nan
2.283000,nan,nan
2.284000,nan,nan
2.285000,nan,nan
2.286000,nan,nan
2.287000,nan,nan
2.288000,nan,nan
2.289000,nan,nan
2.290000,nan,nan
2.291000,nan,nan
2.292000,nan,nan
2.293000,nan,nan
2.294000,nan,nan
2.295000,nan,nan
2.296000,nan,nan
2.297000,nan,nan
2.298000,nan,nan
2.299000,nan,nan
2.300000,nan,nan
2.301000,nan,nan
2.302000,nan,nan
2.303000,nan,nan
2.304000,nan,nan
2.305000,nan,nan
2.306000,nan,nan
2.307000,nan,nan
2.308000,nan,nan
2.309000,nan,nan
2.310000,nan,nan
2.311000,nan,nan
2.312000,nan,nan
2.313000,nan,nan
2.314000,nan,nan
2.315000,nan,nan
2.316000,nan,nan
2.317000,nan,nan
2.318000,nan,nan
2.319000,nan,nan
2.320000,nan,nan
2.321000,nan,nan
2.322000,nan,nan
2.323000,nan,nan
2.324000,nan,nan
2.325000,nan,nan
2.326000,nan,nan
2.327000,nan,nan
2.328000,nan,nan
2.329000,nan,nan
2.330000,nan,nan
2.331000,nan,nan
2.332000,nan,nan
2.333000,nan,nan
2.334000,nan,nan
2.335000,nan,nan
2.336000,nan,nan
2.337000,nan,nan
2.338000,nan,nan
2.339000,nan,nan
2.340000,nan,nan
2.341000,nan,nan
2.342000,nan,nan
2.343000,nan,nan
2.344000,nan,nan
2.345000,nan,nan
2.346000,nan,nan
2.347000,nan,nan
2.348000,nan,nan
2.349000,nan,nan
2.350000,nan,nan
2.351000,nan,nan
2.352000,nan,nan
2.353000,nan,nan
2.354000,nan,nan
2.355000,nan,nan
2.356000,nan,nan
2.357000,nan,nan
2.358000,nan,nan
2.359000,nan,nan
2.360000,nan,nan
2.361000,nan,nan
2.362000,nan,nan
2.363000,nan,nan
2.364000,nan,nan
2.365000,nan,nan
2.366000,nan,nan
2.367000,nan,nan
2.368000,nan,nan
2.369000,nan,nan
2.370000,nan,nan
2.371000,nan,nan
2.372000,nan,nan
2.373000,nan,nan
2.374000,nan,nan
2.375000,nan,nan
2.376000,nan,nan
2.377000,nan,nan
2.378000,nan,nan
2.379000,nan,nan
2.380000,nan,nan
2.381000,nan,nan
2.382000,nan,nan
2.383000,nan,nan
2.384000,nan,nan
2.385000,nan,nan
2.386000,nan,nan
2.387000,nan,nan
2.388000,nan,nan
2.389000,nan,nan
2.390000,nan,nan
2.391000,nan,nan
2.392000,nan,nan
2.393000,nan,nan
2.394000,nan,nan
2.395000,nan,nan
2.396000,nan,nan
2.397000,nan,nan
2.398000,nan,nan
2.399000,nan,nan
2.400000,nan,nan
2.401000,nan,nan
2.402000,nan,nan
2.403000,nan,nan
2.404000,nan,nan
2.405000,nan,nan
2.406000,nan,nan
2.407000,nan,nan
2.408000,nan,nan
2.409000,nan,nan
2.410000,nan,nan
2.411000,nan,nan
2.412000,nan,nan
2.413000,nan,nan
2.414000,nan,nan
2.415000,nan,nan
2.416000,nan,nan
2.417000,nan,nan
2.418000,nan,nan
2.419000,nan,nan
2.420000,nan,nan
2.421000,nan,nan
2.422000,nan,nan
2.423000,nan,nan
2.424000,nan,nan
2.425000,nan,nan
2.426000,nan,nan
2.427000,nan,nan
2.428000,nan,nan
2.429000,nan,nan
2.430000,nan,nan
2.431000,nan,nan
2.432000,nan,nan
2.433000,nan,nan
2.434000,nan,nan
2.435000,nan,nan
2.436000,nan,nan
2.437000,nan,nan
2.438000,nan,nan
2.439000,nan,nan
2.440000,nan,nan
2.441000,nan,nan
2.442000,nan,nan
2.443000,nan,nan
2.444000,nan,nan
2.445000,nan,nan
2.446000,nan,nan
2.447000,nan,nan
2.448000,nan,nan
2.449000,nan,nan
2.450000,nan,nan
2.451000,nan,nan
2.452000,nan,nan
2.453000,nan,nan
2.454000,nan,nan
2.455000,nan,nan
2.456000,nan,nan
2.457000,nan,nan
2.458000,nan,nan
2.459000,nan,nan
2.460000,nan,nan
2.461000,nan,nan
2.462000,nan,nan
2.463000,nan,nan
2.464000,nan,nan
2.465000,nan,nan
2.466000,nan,nan
2.467000,nan,nan
2.468000,nan,nan
2.469000,nan,nan
2.470000,nan,nan
2.471000,nan,nan
2.472000,nan,nan
2.473000,nan,nan
2.474000,nan,nan
2.475000,nan,nan
2.476000,nan,nan
2.477000,nan,nan
2.478000,nan,nan
2.479000,nan,nan
2.480000,nan,nan
2.481000,nan,nan
2.482000,nan,nan
2.483000,nan,nan
2.484000,nan,nan
2.485000,nan,nan
2.486000,nan,nan
2.487000,nan,nan
2.488000,nan,nan
2.489000,nan,nan
2.490000,nan,nan
2.491000,nan,nan
2.492000,nan,nan
2.493000,nan,nan
2.494000,nan,nan
2.495000,nan,nan
2.496000,nan,nan
2.497000,nan,nan
2.498000,nan,nan
2.499000,nan,nan
2.500000,nan,nan
2.501000,nan,nan
2.502000,nan,nan
2.503000,nan,nan
2.504000,nan,nan
2.505000,nan,nan
2.506000,nan,nan
2.507000,nan,nan
2.508000,nan,nan
2.509000,nan,nan
2.510000,nan,nan
2.511000,nan,nan
2.512000,nan,nan
2.513000,nan,nan
2.514000,nan,nan
2.515000,nan,nan
2.516000,nan,nan
2.517000,nan,nan
2.518000,nan,nan
2.519000,nan,nan
2.520000,nan,nan
2.521000,nan,nan
2.522000,nan,nan
2.523000,nan,nan
2.524000,nan,nan
2.525000,nan,nan
2.526000,nan,nan
2.527000,nan,nan
2.528000,nan,nan
2.529000,nan,nan
2.530000,nan,nan
2.531000,nan,nan
2.532000,nan,nan
2.533000,nan,nan
2.534000,nan,nan
2.535000,nan,nan
2.536000,nan,nan
2.537000,nan,nan
2.538000,nan,nan
2.539000,nan,nan
2.540000,nan,nan
2.541000,nan,nan
2.542000,nan,nan
2.543000,nan,nan
2.544000,nan,nan
2.545000,nan,nan
2.546000,nan,nan
2.547000,nan,nan
2.548000,nan,nan
2.549000,nan,nan
2.550000,nan,nan
2.551000,nan,nan
2.552000,nan,nan
2.553000,nan,nan
2.554000,nan,nan
2.555000,nan,nan
2.556000,nan,nan
2.557000,nan,nan
2.558000,nan,nan
2.559000,nan,nan
2.560000,nan,nan
2.561000,nan,nan
2.562000,nan,nan
2.563000,nan,nan
2.564000,nan,nan
2.565000,nan,nan
2.566000,nan,nan
2.567000,nan,nan
2.568000,nan,nan
2.569000,nan,nan
2.570000,nan,nan
2.571000,nan,nan
2.572000,nan,nan
2.573000,nan,nan
2.574000,nan,nan
2.575000,nan,nan
2.576000,nan,nan
2.577000,nan,nan
2.578000,nan,nan
2.579000,nan,nan
2.580000,nan,nan
2.581000,nan,nan
2.582000,nan,nan
2.583000,nan,nan
2.584000,nan,nan
2.585000,nan,nan
2.586000,nan,nan
2.587000,nan,nan
2.588000,nan,nan
2.589000,nan,nan
2.590000,nan,nan
2.591000,nan,nan
2.592000,nan,nan
2.593000,nan,nan
2.594000,nan,nan
2.595000,nan,nan
2.596000,nan,nan
2.597000,nan,nan
2.598000,nan,nan
2.599000,nan,nan
2.600000,nan,nan
2.601000,nan,nan
2.602000,nan,nan
2.603000,nan,nan
2.604000,nan,nan
2.605000,nan,nan
2.606000,nan,nan
2.607000,nan,nan
2.608000,nan,nan
2.609000,nan,nan
2.610000,nan,nan
2.611000,nan,nan
2.612000,nan,nan
2.613000,nan,nan
2.614000,nan,nan
2.615000,nan,nan
2.616000,nan,nan
2.617000,nan,nan
2.618000,nan,nan
2.619000,nan,nan
2.620000,nan,nan
2.621000,nan,nan
2.622000,nan,nan
2.623000,nan,nan
2.624000,nan,nan
2.625000,nan,nan
2.626000,nan,nan
2.627000,nan,nan
2.628000,nan,nan
2.629000,nan,nan
2.630000,nan,nan
2.631000,nan,nan
2.632000,nan,nan
2.633000,nan,nan
2.634000,nan,nan
2.635000,nan,nan
2.636000,nan,nan
2.637000,nan,nan
2.638000,nan,nan
2.639000,nan,nan
2.640000,nan,nan
2.641000,nan,nan
2.642000,nan,nan
2.643000,nan,nan
2.644000,nan,nan
2.645000,nan,nan
2.646000,nan,nan
2.647000,nan,nan
2.648000,nan,nan
2.649000,nan,nan
2.650000,nan,nan
2.651000,nan,nan
2.652000,nan,nan
2.653000,nan,nan
2.654000,nan,nan
2.655000,nan,nan
2.656000,nan,nan
2.657000,nan,nan
2.658000,nan,nan
2.659000,nan,nan
2.660000,nan,nan
2.661000,nan,nan
2.662000,nan,nan
2.663000,nan,nan
2.664000,nan,nan
2.665000,nan,nan
2.666000,nan,nan
2.667000,nan,nan
2.668000,nan,nan
2.669000,nan,nan
2.670000,nan,nan
2.671000,nan,nan
2.672000,nan,nan
2.673000,nan,nan
2.674000,nan,nan
2.675000,nan,nan
2.676000,nan,nan
2.677000,nan,nan
2.678000,nan,nan
2.679000,nan,nan
2.680000,nan,nan
2.681000,nan,nan
2.682000,nan,nan
2.683000,nan,nan
2.684000,nan,nan
2.685000,nan,nan
2.686000,nan,nan
2.687000,nan,nan
2.688000,nan,nan
2.689000,nan,nan
2.690000,nan,nan
2.691000,nan,nan
2.692000,nan,nan
2.693000,nan,nan
2.694000,nan,nan
2.695000,nan,nan
2.696000,nan,nan
2.697000,nan,nan
2.698000,nan,nan
2.699000,nan,nan
2.700000,nan,nan
2.701000,nan,nan
2.702000,nan,nan
2.703000,nan,nan
2.704000,nan,nan
2.705000,nan,nan
2.706000,nan,nan
2.707000,nan,nan
2.708000,nan,nan
2.709000,nan,nan
2.710000,nan,nan
2.711000,nan,nan
2.712000,nan,nan
2.713000,nan,nan
2.714000,nan,nan
2.715000,nan,nan
2.716000,nan,nan
2.717000,nan,nan
2.718000,nan,nan
2.719000,nan,nan
2.720000,nan,nan
2.721000,nan,nan
2.722000,nan,nan
2.723000,nan,nan
2.724000,nan,nan
2.725000,nan,nan
2.726000,nan,nan
2.727000,nan,nan
2.728000,nan,nan
2.729000,nan,nan
2.730000,nan,nan
2.731000,nan,nan
2.732000,nan,nan
2.733000,nan,nan
2.734000,nan,nan
2.735000,nan,nan
2.736000,nan,nan
2.737000,nan,nan
2.738000,nan,nan
2.739000,nan,nan
2.740000,nan,nan
2.741000,nan,nan
2.742000,nan,nan
2.743000,nan,nan
2.744000,nan,nan
2.745000,nan,nan
2.746000,nan,nan
2.747000,nan,nan
2.748000,nan,nan
2.749000,nan,nan
2.750000,nan,nan
2.751000,nan,nan
2.752000,nan,nan
2.753000,nan,nan
2.754000,nan,nan
2.755000,nan,nan
2.756000,nan,nan
2.757000,nan,nan
2.758000,nan,nan
2.759000,nan,nan
2.760000,nan,nan
2.761000,nan,nan
2.762000,nan,nan
2.763000,nan,nan
2.764000,nan,nan
2.765000,nan,nan
2.766000,nan,nan
2.767000,nan,nan
2.768000,nan,nan
2.769000,nan,nan
2.770000,nan,nan
2.771000,nan,nan
2.772000,nan,nan
2.773000,nan,nan
2.774000,nan,nan
2.775000,nan,nan
2.776000,nan,nan
2.777000,nan,nan
2.778000,nan,nan
2.779000,nan,nan
2.780000,nan,nan
2.781000,nan,nan
2.782000,nan,nan
2.783000,nan,nan
2.784000,nan,nan
2.785000,nan,nan
2.786000,nan,nan
2.787000,nan,nan
2.788000,nan,nan
2.789000,nan,nan
2.790000,nan,nan
2.791000,nan,nan
2.792000,nan,nan
2.793000,nan,nan
2.794000,nan,nan
2.795000,nan,nan
2.796000,nan,nan
2.797000,nan,nan
2.798000,nan,nan
2.799000,nan,nan
2.800000,nan,nan
2.801000,nan,nan
2.802000,nan,nan
2.803000,nan,nan
2.804000,nan,nan
2.805000,nan,nan
2.806000,nan,nan
2.807000,nan,nan
2.808000,nan,nan
2.809000,nan,nan
2.810000,nan,nan
2.811000,nan,nan
2.812000,nan,nan
2.813000,nan,nan
2.814000,nan,nan
2.815000,nan,nan
2.816000,nan,nan
2.817000,nan,nan
2.818000,nan,nan
2.819000,nan,nan
2.820000,nan,nan
2.821000,nan,nan
2.822000,nan,nan
2.823000,nan,nan
2.824000,nan,nan
2.825000,nan,nan
2.826000,nan,nan
2.827000,nan,nan
2.828000,nan,nan
2.829000,nan,nan
2.830000,nan,nan
2.831000,nan,nan
2.832000,nan,nan
2.833000,nan,nan
2.834000,nan,nan
2.835000,nan,nan
2.836000,nan,nan
2.837000,nan,nan
2.838000,nan,nan
2.839000,nan,nan
2.840000,nan,nan
2.841000,nan,nan
2.842000,nan,nan
2.843000,nan,nan
2.844000,nan,nan
2.845000,nan,nan
2.846000,nan,nan
2.847000,nan,nan
2.848000,nan,nan
2.849000,nan,nan
2.850000,nan,nan
2.851000,nan,nan
2.852000,nan,nan
2.853000,nan,nan
2.854000,nan,nan
2.855000,nan,nan
2.856000,nan,nan
2.857000,nan,nan
2.858000,nan,nan
2.859000,nan,nan
2.860000,nan,nan
2.861000,nan,nan
2.862000,nan,nan
2.863000,nan,nan
2.864000,nan,nan
2.865000,nan,nan
2.866000,nan,nan
2.867000,nan,nan
2.868000,nan,nan
2.869000,nan,nan
2.870000,nan,nan
2.871000,nan,nan
2.872000,nan,nan
2.873000,nan,nan
2.874000,nan,nan
2.875000,nan,nan
2.876000,nan,nan
2.877000,nan,nan
2.878000,nan,nan
2.879000,nan,nan
2.880000,nan,nan
2.881000,nan,nan
2.882000,nan,nan
2.883000,nan,nan
2.884000,nan,nan
2.885000,nan,nan
2.886000,nan,nan
2.887000,nan,nan
2.888000,nan,nan
2.889000,nan,nan
2.890000,nan,nan
2.891000,nan,nan
2.892000,nan,nan
2.893000,nan,nan
2.894000,nan,nan
2.895000,nan,nan
2.896000,nan,nan
2.897000,nan,nan
2.898000,nan,nan
2.899000,nan,nan
2.900000,nan,nan
2.901000,nan,nan
2.902000,nan,nan
2.903000,nan,nan
2.904000,nan,nan
2.905000,nan,nan
2.906000,nan,nan
2.907000,nan,nan
2.908000,nan,nan
2.909000,nan,nan
2.910000,nan,nan
2.911000,nan,nan
2.912000,nan,nan
2.913000,nan,nan
2.914000,nan,nan
2.915000,nan,nan
2.916000,nan,nan
2.917000,nan,nan
2.918000,nan,nan
2.919000,nan,nan
2.920000,nan,nan
2.921000,nan,nan
2.922000,nan,nan
2.923000,nan,nan
2.924000,nan,nan
2.925000,nan,nan
2.926000,nan,nan
2.927000,nan,nan
2.928000,nan,nan
2.929000,nan,nan
2.930000,nan,nan
2.931000,nan,nan
2.932000,nan,nan
2.933000,nan,nan
2.934000,nan,nan
2.935000,nan,nan
2.936000,nan,nan
2.937000,nan,nan
2.938000,nan,nan
2.939000,nan,nan
2.940000,nan,nan
2.941000,nan,nan
2.942000,nan,nan
2.943000,nan,nan
2.944000,nan,nan
2.945000,nan,nan
2.946000,nan,nan
2.947000,nan,nan
2.948000,nan,nan
2.949000,nan,nan
2.950000,nan,nan
2.951000,nan,nan
2.952000,nan,nan
2.953000,nan,nan
2.954000,nan,nan
2.955000,nan,nan
2.956000,nan,nan
2.957000,nan,nan
2.958000,nan,nan
2.959000,nan,nan
2.960000,nan,nan
2.961000,nan,nan
2.962000,nan,nan
2.963000,nan,nan
2.964000,nan,nan
2.965000,nan,nan
2.966000,nan,nan
2.967000,nan,nan
2.968000,nan,nan
2.969000,nan,nan
2.970000,nan,nan
2.971000,nan,nan
2.972000,nan,nan
2.973000,nan,nan
2.974000,nan,nan
2.975000,nan,nan
2.976000,nan,nan
2.977000,nan,nan
2.978000,nan,nan
2.979000,nan,nan
2.980000,nan,nan
2.981000,nan,nan
2.982000,nan,nan
2.983000,nan,nan
2.984000,nan,nan
2.985000,nan,nan
2.986000,nan,nan
2.987000,nan,nan
2.988000,nan,nan
2.989000,nan,nan
2.990000,nan,nan
2.991000,nan,nan
2.992000,nan,nan
2.993000,nan,nan
2.994000,nan,nan
2.995000,nan,nan
2.996000,nan,nan
2.997000,nan,nan
2.998000,nan,nan
2.999000,nan,nan
3.000000,nan,nan
