t,p_excited,D_rel,F_recovery
0.000000,0.400000000,4.055116755e-02,1.000000000
0.100000,nan,nan,nan
0.200000,nan,nan,nan
0.300000,nan,nan,nan
0.400000,nan,nan,nan
0.500000,nan,nan,nan
0.600000,nan,nan,nan
0.700000,nan,nan,nan
0.800000,nan,nan,nan
0.900000,nan,nan,nan
1.000000,nan,nan,nan
1.100000,nan,nan,nan
1.200000,nan,nan,nan
1.300000,nan,nan,nan
1.400000,nan,nan,nan
1.500000,nan,nan,nan
1.600000,nan,nan,nan
1.700000,nan,nan,nan
1.800000,nan,nan,nan
1.900000,nan,nan,nan
2.000000,nan,nan,nan
2.100000,nan,nan,nan
2.200000,nan,nan,nan
2.300000,nan,nan,nan
2.400000,nan,nan,nan
2.500000,nan,nan,nan
2.600000,nan,nan,nan
2.700000,nan,nan,nan
2.800000,nan,nan,nan
2.900000,nan,nan,nan
3.000000,nan,nan,nan
