{
  "h_J_Hz": 6.62607015e-34,
  "h_J_Hz_unit": "J Hz^-1",
  "h_eV_Hz": 4.135667696e-15,
  "h_eV_Hz_unit": "eV Hz^-1",
  "hbar_J_s": 1.054571817e-34,
  "hbar_J_s_unit": "J s",
  "hbar_eV_s": 6.582119569e-16,
  "hbar_eV_s_unit": "eV s",
  "kB_J_K": 1.380649e-23,
  "kB_J_K_unit": "J K^-1",
  "kB_eV_K": 8.617333262e-05,
  "kB_eV_K_unit": "eV K^-1",
  "c_m_s": 299792458.0,
  "c_m_s_unit": "m s^-1",
  "muB_eV_T": 5.7883817982e-05,
  "muB_eV_T_unit": "eV T^-1",
  "muB_Hz_T": 13996244917.1,
  "muB_Hz_T_unit": "Hz T^-1",
  "muN_eV_T": 3.15245125417e-08,
  "muN_eV_T_unit": "eV T^-1",
  "Josephson_Hz_V": 483597848400000.0,
  "Josephson_Hz_V_unit": "Hz V^-1",
  "Rinf_m_inv": null,
  "Rinf_m_inv_unit": "m^-1",
  "e_C": 1.602176634e-19,
  "e_C_unit": "C"
}