{
  "schema": "gm_constants.snapshot.v1",
  "timestamp": "2025-10-24 20:07:49",
  "constants": {
    "c": {
      "value": 299792458.0,
      "unit": "m s^-1",
      "exact": true
    },
    "h": {
      "value": 6.62607015e-34,
      "unit": "J s",
      "exact": true
    },
    "hbar": {
      "value": 1.054571817e-34,
      "unit": "J s",
      "exact": false
    },
    "e": {
      "value": 1.602176634e-19,
      "unit": "C",
      "exact": true
    },
    "kB": {
      "value": 1.380649e-23,
      "unit": "J K^-1",
      "exact": true
    },
    "mu0": {
      "value": 1.2566370614359173e-06,
      "unit": "H m^-1",
      "exact": false
    },
    "eps0": {
      "value": 8.854187817620389e-12,
      "unit": "F m^-1",
      "exact": false
    },
    "Z0": {
      "value": 376.73031346177066,
      "unit": "ohm",
      "exact": false
    },
    "alpha": {
      "value": 0.007297352569776441,
      "unit": "1",
      "exact": false
    }
  }
}