{
  "timestamp": "2025-10-24 19:55:23",
  "items": [
    {
      "artifact": "GMOS_ARROWS_TLS__20251024__R011__scaling.json",
      "path": "/mnt/data/GMOS_artifacts/GMOS_ARROWS_TLS__20251024__R011__scaling.json",
      "sha256": "a73d9d4f58f0c3683391548e3acc5765c014b03dd1d8f8e5b7900b8db49587a5",
      "stat": {
        "size_bytes": 645,
        "mtime": "2025-10-24 19:46:58",
        "ctime": "2025-10-24 19:50:31"
      },
      "run_id": "R011",
      "datecode": "20251024",
      "schema": "GMOS.STAMP.v1",
      "timezone": "America/Chicago"
    },
    {
      "artifact": "GMOS_ARROWS_TLS__20251024__R011__scaling__patched.json",
      "path": "/mnt/data/GMOS_artifacts/GMOS_ARROWS_TLS__20251024__R011__scaling__patched.json",
      "sha256": "a73d9d4f58f0c3683391548e3acc5765c014b03dd1d8f8e5b7900b8db49587a5",
      "stat": {
        "size_bytes": 645,
        "mtime": "2025-10-24 19:46:58",
        "ctime": "2025-10-24 19:46:58"
      },
      "run_id": "R011",
      "datecode": "20251024",
      "schema": "GMOS.STAMP.v1",
      "timezone": "America/Chicago"
    },
    {
      "artifact": "GMOS_ARROWS_TLS__20251024__R013__scaling.json",
      "path": "/mnt/data/GMOS_artifacts/GMOS_ARROWS_TLS__20251024__R013__scaling.json",
      "sha256": "fdb778d057267ffab8cf47ac3a9d617bdab6d2528b59e82debd031624b718d52",
      "stat": {
        "size_bytes": 608,
        "mtime": "2025-10-24 19:46:58",
        "ctime": "2025-10-24 19:50:31"
      },
      "run_id": "R013",
      "datecode": "20251024",
      "schema": "GMOS.STAMP.v1",
      "timezone": "America/Chicago"
    },
    {
      "artifact": "GMOS_ARROWS_TLS__20251024__R013__scaling__patched.json",
      "path": "/mnt/data/GMOS_artifacts/GMOS_ARROWS_TLS__20251024__R013__scaling__patched.json",
      "sha256": "fdb778d057267ffab8cf47ac3a9d617bdab6d2528b59e82debd031624b718d52",
      "stat": {
        "size_bytes": 608,
        "mtime": "2025-10-24 19:46:58",
        "ctime": "2025-10-24 19:46:58"
      },
      "run_id": "R013",
      "datecode": "20251024",
      "schema": "GMOS.STAMP.v1",
      "timezone": "America/Chicago"
    },
    {
      "artifact": "GMOS_ARROWS_TLS__20251024__R018__metrics.json",
      "path": "/mnt/data/GMOS_artifacts/GMOS_ARROWS_TLS__20251024__R018__metrics.json",
      "sha256": "06dabe2ad5fb7daf3f799cdb577931a89b06c006ab0705b38ed850a419d873d3",
      "stat": {
        "size_bytes": 458,
        "mtime": "2025-10-24 19:53:28",
        "ctime": "2025-10-24 19:53:28"
      },
      "run_id": "R018",
      "datecode": "20251024",
      "schema": "GMOS.STAMP.v1",
      "timezone": "America/Chicago"
    },
    {
      "artifact": "GMOS_ARROWS_TLS__20251024__R018__recovery_curves.png",
      "path": "/mnt/data/GMOS_artifacts/GMOS_ARROWS_TLS__20251024__R018__recovery_curves.png",
      "sha256": "affefcd75bf4deb7133553a6e824afd8a99c0d10b8322169ce2040d1ccb7ae2b",
      "stat": {
        "size_bytes": 71763,
        "mtime": "2025-10-24 19:53:29",
        "ctime": "2025-10-24 19:53:29"
      },
      "run_id": "R018",
      "datecode": "20251024",
      "schema": "GMOS.STAMP.v1",
      "timezone": "America/Chicago"
    },
    {
      "artifact": "GMOS_ARROWS_TLS__20251024__R018__scaling.json",
      "path": "/mnt/data/GMOS_artifacts/GMOS_ARROWS_TLS__20251024__R018__scaling.json",
      "sha256": "e3f346a821acf94ca949fad722425bc8c77f83d4a9f66c571ab54569dff89ef0",
      "stat": {
        "size_bytes": 406,
        "mtime": "2025-10-24 19:53:28",
        "ctime": "2025-10-24 19:53:28"
      },
      "run_id": "R018",
      "datecode": "20251024",
      "schema": "GMOS.STAMP.v1",
      "timezone": "America/Chicago"
    },
    {
      "artifact": "GMOS_ARROWS_TLS__20251024__R018__timeseries.csv",
      "path": "/mnt/data/GMOS_artifacts/GMOS_ARROWS_TLS__20251024__R018__timeseries.csv",
      "sha256": "f17724fece79dadbd23841a1143893f8656b5af89cd2759f316dec2deea0fc9d",
      "stat": {
        "size_bytes": 3756,
        "mtime": "2025-10-24 19:53:28",
        "ctime": "2025-10-24 19:53:28"
      },
      "run_id": "R018",
      "datecode": "20251024",
      "schema": "GMOS.STAMP.v1",
      "timezone": "America/Chicago"
    },
    {
      "artifact": "GMOS_PDE_GPE2D__20251024__R012__scaling.json",
      "path": "/mnt/data/GMOS_artifacts/GMOS_PDE_GPE2D__20251024__R012__scaling.json",
      "sha256": "b6c00fe4c4cfdbe8613bcc2b04af2acac37e6653d956c234ab0bd2aa0ca95dab",
      "stat": {
        "size_bytes": 626,
        "mtime": "2025-10-24 19:46:58",
        "ctime": "2025-10-24 19:50:31"
      },
      "run_id": "R012",
      "datecode": "20251024",
      "schema": "GMOS.STAMP.v1",
      "timezone": "America/Chicago"
    },
    {
      "artifact": "GMOS_PDE_GPE2D__20251024__R012__scaling__patched.json",
      "path": "/mnt/data/GMOS_artifacts/GMOS_PDE_GPE2D__20251024__R012__scaling__patched.json",
      "sha256": "b6c00fe4c4cfdbe8613bcc2b04af2acac37e6653d956c234ab0bd2aa0ca95dab",
      "stat": {
        "size_bytes": 626,
        "mtime": "2025-10-24 19:46:58",
        "ctime": "2025-10-24 19:46:58"
      },
      "run_id": "R012",
      "datecode": "20251024",
      "schema": "GMOS.STAMP.v1",
      "timezone": "America/Chicago"
    },
    {
      "artifact": "GMOS_PDE_GPE2D__20251024__R017__energy_budget.csv",
      "path": "/mnt/data/GMOS_artifacts/GMOS_PDE_GPE2D__20251024__R017__energy_budget.csv",
      "sha256": "6bad04cda023c3e8d1483bbe63ea6b03939d64ff66d398ab21dadd9d0b1b3a88",
      "stat": {
        "size_bytes": 25910,
        "mtime": "2025-10-24 19:50:32",
        "ctime": "2025-10-24 19:50:32"
      },
      "run_id": "R017",
      "datecode": "20251024",
      "schema": "GMOS.STAMP.v1",
      "timezone": "America/Chicago"
    },
    {
      "artifact": "GMOS_PDE_GPE2D__20251024__R017__metrics.json",
      "path": "/mnt/data/GMOS_artifacts/GMOS_PDE_GPE2D__20251024__R017__metrics.json",
      "sha256": "540b2e6093df3d8ea83560a8a6f99a9e08d57a15cbc06a5f1aaa813d2d592799",
      "stat": {
        "size_bytes": 605,
        "mtime": "2025-10-24 19:50:35",
        "ctime": "2025-10-24 19:50:35"
      },
      "run_id": "R017",
      "datecode": "20251024",
      "schema": "GMOS.STAMP.v1",
      "timezone": "America/Chicago"
    },
    {
      "artifact": "GMOS_PDE_GPE2D__20251024__R017__scaling.json",
      "path": "/mnt/data/GMOS_artifacts/GMOS_PDE_GPE2D__20251024__R017__scaling.json",
      "sha256": "6c7e89570e914670e7f1aaa7dc640b975bc00ff40a41de0fe14f2040d7b16645",
      "stat": {
        "size_bytes": 500,
        "mtime": "2025-10-24 19:50:35",
        "ctime": "2025-10-24 19:50:35"
      },
      "run_id": "R017",
      "datecode": "20251024",
      "schema": "GMOS.STAMP.v1",
      "timezone": "America/Chicago"
    },
    {
      "artifact": "GMOS_PDE_GPE2D__20251024__R017__spectrum.csv",
      "path": "/mnt/data/GMOS_artifacts/GMOS_PDE_GPE2D__20251024__R017__spectrum.csv",
      "sha256": "c5dd7c1b32dac08b816cb8854ab63ec4cccc5fa91df4880b5f49709fc31fbddc",
      "stat": {
        "size_bytes": 1032,
        "mtime": "2025-10-24 19:50:32",
        "ctime": "2025-10-24 19:50:32"
      },
      "run_id": "R017",
      "datecode": "20251024",
      "schema": "GMOS.STAMP.v1",
      "timezone": "America/Chicago"
    },
    {
      "artifact": "GMOS_PDE_GPE2D__20251024__R017__spectrum.png",
      "path": "/mnt/data/GMOS_artifacts/GMOS_PDE_GPE2D__20251024__R017__spectrum.png",
      "sha256": "a3aa92565288c5c12f8c5ea5f0220613fb0bd88e55abb8fe5c9a726034f80e66",
      "stat": {
        "size_bytes": 59298,
        "mtime": "2025-10-24 19:50:33",
        "ctime": "2025-10-24 19:50:33"
      },
      "run_id": "R017",
      "datecode": "20251024",
      "schema": "GMOS.STAMP.v1",
      "timezone": "America/Chicago"
    },
    {
      "artifact": "GMOS_PDE_GPE2D__20251024__R017__vortices.csv",
      "path": "/mnt/data/GMOS_artifacts/GMOS_PDE_GPE2D__20251024__R017__vortices.csv",
      "sha256": "53c82473ee919b2010c5b7bf12c1e2f8c86dd10d9044371dce3ddad8a8419382",
      "stat": {
        "size_bytes": 5039,
        "mtime": "2025-10-24 19:50:32",
        "ctime": "2025-10-24 19:50:32"
      },
      "run_id": "R017",
      "datecode": "20251024",
      "schema": "GMOS.STAMP.v1",
      "timezone": "America/Chicago"
    },
    {
      "artifact": "GMOS_PDE_GPE2D__20251024__R017__vortices.png",
      "path": "/mnt/data/GMOS_artifacts/GMOS_PDE_GPE2D__20251024__R017__vortices.png",
      "sha256": "71c1d493b00a3177aba3c162882114d8a6050e8f8f0831c9b681d5d0ae0e6964",
      "stat": {
        "size_bytes": 81071,
        "mtime": "2025-10-24 19:50:34",
        "ctime": "2025-10-24 19:50:34"
      },
      "run_id": "R017",
      "datecode": "20251024",
      "schema": "GMOS.STAMP.v1",
      "timezone": "America/Chicago"
    },
    {
      "artifact": "GMOS_UNITS_NIST__20251024__autowire_patch.json",
      "path": "/mnt/data/GMOS_artifacts/GMOS_UNITS_NIST__20251024__autowire_patch.json",
      "sha256": "9e5fa124697bc87d8a592a86fe8c9ea4eaacd035dd0b48c1d8bfc9b910b0fcce",
      "stat": {
        "size_bytes": 631,
        "mtime": "2025-10-24 19:40:24",
        "ctime": "2025-10-24 19:40:24"
      },
      "run_id": null,
      "datecode": "20251024",
      "schema": "GMOS.STAMP.v1",
      "timezone": "America/Chicago"
    },
    {
      "artifact": "GMOS_UNITS_NIST__20251024__constants_core.json",
      "path": "/mnt/data/GMOS_artifacts/GMOS_UNITS_NIST__20251024__constants_core.json",
      "sha256": "cf59b05140839253d3fe1ff93f1c208531e64c63e67fe84d353225ceaf592123",
      "stat": {
        "size_bytes": 752,
        "mtime": "2025-10-24 19:40:24",
        "ctime": "2025-10-24 19:40:24"
      },
      "run_id": null,
      "datecode": "20251024",
      "schema": "GMOS.STAMP.v1",
      "timezone": "America/Chicago"
    },
    {
      "artifact": "GMOS_UNITS_NIST__20251024__conversion_factors.json",
      "path": "/mnt/data/GMOS_artifacts/GMOS_UNITS_NIST__20251024__conversion_factors.json",
      "sha256": "121aadbe16058ca411ca53e018b89a05e1cc7f76fea703b12b7740b2794393e8",
      "stat": {
        "size_bytes": 143,
        "mtime": "2025-10-24 19:40:24",
        "ctime": "2025-10-24 19:40:24"
      },
      "run_id": null,
      "datecode": "20251024",
      "schema": "GMOS.STAMP.v1",
      "timezone": "America/Chicago"
    },
    {
      "artifact": "GMOS_UNITS_NIST__20251024__conversion_table.csv",
      "path": "/mnt/data/GMOS_artifacts/GMOS_UNITS_NIST__20251024__conversion_table.csv",
      "sha256": "5ad9a9ab72b2afa63701cdd6477f31e8f48f8dc34bd26331eb0090f6eea1197e",
      "stat": {
        "size_bytes": 326,
        "mtime": "2025-10-24 19:40:24",
        "ctime": "2025-10-24 19:40:24"
      },
      "run_id": null,
      "datecode": "20251024",
      "schema": "GMOS.STAMP.v1",
      "timezone": "America/Chicago"
    },
    {
      "artifact": "GMOS_UNITS_NIST__20251024__overwrite_scalings_manifest.json",
      "path": "/mnt/data/GMOS_artifacts/GMOS_UNITS_NIST__20251024__overwrite_scalings_manifest.json",
      "sha256": "5aebaa3c063e67950b874b3934c3fc5eda0109131420898296a826a63b6a5ab3",
      "stat": {
        "size_bytes": 1007,
        "mtime": "2025-10-24 19:50:31",
        "ctime": "2025-10-24 19:50:31"
      },
      "run_id": null,
      "datecode": "20251024",
      "schema": "GMOS.STAMP.v1",
      "timezone": "America/Chicago"
    },
    {
      "artifact": "GMOS_UNITS_NIST__20251024__patch_manifest.json",
      "path": "/mnt/data/GMOS_artifacts/GMOS_UNITS_NIST__20251024__patch_manifest.json",
      "sha256": "69d02e29e9f8a9e97b60e668b212854038c3cdd89971604672226c46d8ee6131",
      "stat": {
        "size_bytes": 261,
        "mtime": "2025-10-24 19:46:27",
        "ctime": "2025-10-24 19:46:27"
      },
      "run_id": null,
      "datecode": "20251024",
      "schema": "GMOS.STAMP.v1",
      "timezone": "America/Chicago"
    }
  ]
}