{
  "schema": "gmos.scaling.patch.v1",
  "timestamp": "2025-10-24 19:40:24",
  "constants_ref": "GMOS_UNITS_NIST__20251024__constants_core.json",
  "add": {
    "axes": {
      "frequency_Hz": {
        "to_energy_meV": 4.135667696000001e-12,
        "to_temperature_K": 4.799243073e-11
      }
    },
    "dimensionless_groups": {
      "beta_hbar_omega": "beta * \u0127 * \u03c9  (\u03b2=1/kB T, \u03c9=2\u03c0\u03bd)",
      "zeeman_spin": "\u03bcB * B / (kB T)",
      "josephson_norm": "f / (K_J * V)  (K_J=Josephson constant)"
    }
  },
  "notes": "Safe to merge into existing scaling.json blocks for PDE and Arrows labs."
}