{
  "timestamp": "2025-10-24 19:50:31",
  "replacements": [
    {
      "patched": "/mnt/data/GMOS_artifacts/GMOS_ARROWS_TLS__20251024__R011__scaling__patched.json",
      "target": "/mnt/data/GMOS_artifacts/GMOS_ARROWS_TLS__20251024__R011__scaling.json",
      "patched_md5": "db08a471b461dffbad9e99a08e2eae54",
      "target_md5": "db08a471b461dffbad9e99a08e2eae54"
    },
    {
      "patched": "/mnt/data/GMOS_artifacts/GMOS_PDE_GPE2D__20251024__R012__scaling__patched.json",
      "target": "/mnt/data/GMOS_artifacts/GMOS_PDE_GPE2D__20251024__R012__scaling.json",
      "patched_md5": "1d238362e9641c08f6adb40cc25149fb",
      "target_md5": "1d238362e9641c08f6adb40cc25149fb"
    },
    {
      "patched": "/mnt/data/GMOS_artifacts/GMOS_ARROWS_TLS__20251024__R013__scaling__patched.json",
      "target": "/mnt/data/GMOS_artifacts/GMOS_ARROWS_TLS__20251024__R013__scaling.json",
      "patched_md5": "97beb81d924a5947073a07b0fd4fb103",
      "target_md5": "97beb81d924a5947073a07b0fd4fb103"
    }
  ]
}