Glyph Input,LaTeX Equation,NumPy Expression,Explanation
φ ⊕ ↻ ⇻ ◯ ⊖ φ ∴ 0,$theta + \Box\theta + R\theta + \partial_t\theta + \omega_0^2\theta + \mathcal{S}_0 \ln(C) + theta = + 0$,theta + d2/dt2 - laplacetheta + Rtheta + d/dttheta + omega0**2theta + \mathcal{S}_0 np.log(C) + theta = + 0,"['φ → theta', '⊕ → \\Box\\theta', '↻ → R\\theta', '⇻ → \\partial_t\\theta', '◯ → \\omega_0^2\\theta', '⊖ → \\mathcal{S}_0 \\ln(C)', 'φ → theta', '∴ → =']"
φ ⊕ ⇻ ◯ ∴ 0,$theta + \Box\theta + \partial_t\theta + \omega_0^2\theta = + 0$,theta + d2/dt2 - laplacetheta + d/dttheta + omega0**2theta = + 0,"['φ → theta', '⊕ → \\Box\\theta', '⇻ → \\partial_t\\theta', '◯ → \\omega_0^2\\theta', '∴ → =']"
∇∇ Ψ φ ∴ 0,$\nabla^4\theta + 2\mu\sin(2\theta) + theta = + 0$,biharmonic(theta)theta + 2munp.sin(2theta) + theta = + 0,"['∇∇ → \\nabla^4\\theta', 'Ψ → 2\\mu\\sin(2\\theta)', 'φ → theta', '∴ → =']"
⊗ ⊖ φ ∴ 0,$\frac{|\nabla\theta|^2}{1 + |\nabla\theta|^2} + \mathcal{S}_0 \ln(C) + theta = + 0$,\frac{|\nablatheta|^2}{1 + |\nablatheta|^2} + \mathcal{S}_0 np.log(C) + theta = + 0,"['⊗ → \\frac{|\\nabla\\theta|^2}{1 + |\\nabla\\theta|^2}', '⊖ → \\mathcal{S}_0 \\ln(C)', 'φ → theta', '∴ → =']"
