{
  "timestamp": "2025-10-25 16:03:28",
  "TIME_UNIT_S": 1.0,
  "results": [
    {
      "file": "/mnt/data/thermal_10g_series.npz",
      "status": "stamped",
      "omega": 549.0331097217618,
      "frequency_hz": 87.38133333333333,
      "energy_mev": 3.6138015750007463e-10,
      "diag": {
        "dt": 9.5367431640625e-05,
        "N": 120,
        "freq_resolution": 87.38133333333333,
        "f_peak_cycles_per_unit": 87.38133333333333,
        "P_max": 47.62786777687904
      }
    },
    {
      "file": "/mnt/data/thermal_1g_series.npz",
      "status": "stamped",
      "omega": 366.02207314784124,
      "frequency_hz": 58.254222222222225,
      "energy_mev": 2.4092010500004977e-10,
      "diag": {
        "dt": 0.00011444091796875,
        "N": 150,
        "freq_resolution": 58.254222222222225,
        "f_peak_cycles_per_unit": 58.254222222222225,
        "P_max": 101.29580181481752
      }
    }
  ],
  "optical_series": {
    "file": "/mnt/data/optical_series.npz",
    "status": "no-time-axis",
    "keys": [
      "x",
      "I",
      "dphdx",
      "dx"
    ],
    "note": "cannot estimate omega without t; please provide omega or a time series"
  }
}