name,pdg_like_id,mass_eV,charge_e,spin,parity,g_factor,magnetic_moment_muB,lifetime_s,notes
photon,22,0.0,0.0,1,+,—,—,stable,massless gauge boson; f↔E only
electron,11,510999.0,-1.0,0.5,+,~2.002319,~1.00116,stable,rest energy ~0.511 MeV
proton,2212,938272000.0,1.0,0.5,+,~5.585,—,stable,nuclear magnetic resonance γ/2π≈42.58 MHz/T
neutron,2112,939565000.0,0.0,0.5,+,~−3.826,—,~880,beta decay; mean lifetime ~880 s
phonon,—,—,0.0,quasi,—,—,—,material-dependent,quasiparticle; dispersion ω(k)
magnon,—,—,0.0,quasi,—,—,—,material-dependent,spin wave; f↔B via effective γ
