{
  "$schema": "https://json-schema.org/draft/2020-12/schema",
  "title": "Quantum/Dynamic Parameters",
  "type": "object",
  "properties": {
    "temperature_K": {
      "type": "number",
      "minimum": 0
    },
    "frequency_hz": {
      "type": "number",
      "minimum": 0
    },
    "energy_mev": {
      "type": "number",
      "minimum": 0
    },
    "omega_rad_s": {
      "type": "number",
      "minimum": 0
    },
    "time_unit_s": {
      "type": "number",
      "minimum": 0
    },
    "B_tesla": {
      "type": "number"
    },
    "species": {
      "type": "string",
      "description": "e.g., electron, proton, photon, custom"
    },
    "gamma_over_2pi_hz_per_t": {
      "type": "number"
    },
    "T1_relax_s": {
      "type": "number",
      "minimum": 0
    },
    "T2_dephase_s": {
      "type": "number",
      "minimum": 0
    },
    "Gamma1_s_inv": {
      "type": "number",
      "minimum": 0
    },
    "Gamma_phi_s_inv": {
      "type": "number",
      "minimum": 0
    },
    "J_model": {
      "type": "string",
      "enum": [
        "ohmic",
        "sub-ohmic",
        "super-ohmic",
        "1/f",
        "lorentzian"
      ]
    },
    "J_eta": {
      "type": "number",
      "minimum": 0,
      "description": "coupling strength"
    },
    "J_omega_c": {
      "type": "number",
      "minimum": 0,
      "description": "cutoff rad/s"
    },
    "detuning_rad_s": {
      "type": "number"
    },
    "rabi_rad_s": {
      "type": "number"
    },
    "QFI_proxy": {
      "type": "number",
      "minimum": 0
    },
    "QSL_bound": {
      "type": "number",
      "minimum": 0
    },
    "notes": {
      "type": "string"
    }
  },
  "required": [
    "time_unit_s"
  ],
  "additionalProperties": true
}