file,x_centroid,y_centroid,n_points,source
page2_img85_redpoints.csv,0.3906170117340287,0.5020656631504089,95875,sciadv
page3_img101_redpoints.csv,0.2838834098309207,0.529109115984521,8497,sciadv
page4_img106_redpoints.csv,0.50001295001295,0.3792370877980263,7436,sciadv
page4_img107_redpoints.csv,0.5988090154211151,0.5331207943255207,16017,sciadv
page8_img150_redpoints.csv,0.2088203463203463,0.41716382575757577,1980,sciadv
page11_img659_darkpoints.csv,0.49860480319711337,0.501605259096773,62757,rooney
page11_img660_darkpoints.csv,0.6036482666340324,0.7574286971740744,1639509,rooney
page11_img688_darkpoints.csv,0.4982534021860281,0.49923572139884426,27813,rooney
page11_img689_darkpoints.csv,0.4938276416759645,0.5020470745823488,121034,rooney
page11_img690_darkpoints.csv,0.49358150696788655,0.5060682993211953,34767,rooney
page12_img712_darkpoints.csv,0.5026212529365147,0.3224089725954141,1558407,rooney
page12_img735_darkpoints.csv,0.760263437788127,0.6035663739328371,3139,rooney
page12_img736_darkpoints.csv,0.1232057416267942,0.5124999999999998,8280,rooney
page12_img737_darkpoints.csv,0.7345869610518986,0.442336116191646,4164,rooney
page12_img738_darkpoints.csv,0.5510085978835979,0.5011709601873535,6832,rooney
page12_img739_darkpoints.csv,0.4734346792360558,0.49179406759560534,5085,rooney
page12_img740_darkpoints.csv,0.7271352985638699,0.5105613787771992,2163,rooney
page12_img741_darkpoints.csv,0.49596782124663163,0.5490903656239752,3228,rooney
page12_img742_darkpoints.csv,0.49504283194759385,0.4915799598527936,8400,rooney
page12_img743_darkpoints.csv,0.7282981688331481,0.5233681248253197,2430,rooney
page12_img744_darkpoints.csv,0.7802215154181046,0.390523820247904,2111,rooney
page12_img745_darkpoints.csv,0.5775679744357013,0.5320905772679292,5156,rooney
page12_img746_darkpoints.csv,0.5052248677248677,0.5011709601873535,8540,rooney
page12_img747_darkpoints.csv,0.4945312578051544,0.5196349524073173,105982,rooney
page12_img748_darkpoints.csv,0.4875,0.12612163509471583,10080,rooney
page12_img750_darkpoints.csv,0.40708876519258547,0.6874007418409533,7879,rooney
page12_img752_darkpoints.csv,0.6019352865939009,0.5066920148804858,11922,rooney
page12_img753_darkpoints.csv,0.7272340538672196,0.5069107513295668,2189,rooney
page12_img754_darkpoints.csv,0.6283082056089511,0.559671634295168,6976,rooney
page12_img755_darkpoints.csv,0.4549906150448051,0.5511970444756379,5167,rooney
page12_img757_darkpoints.csv,0.39743627434510403,0.48749954854120386,13228,rooney
page12_img758_darkpoints.csv,0.6612830150540108,0.40820296883207097,9109,rooney
page12_img759_darkpoints.csv,0.7275520815477619,0.49116392936808617,2315,rooney
page12_img760_darkpoints.csv,0.6109168561504528,0.47618417421763687,5822,rooney
page12_img761_darkpoints.csv,0.4910711211454936,0.5490914263361899,3227,rooney
page12_img762_darkpoints.csv,0.3320056278857777,0.4245876160988125,5607,rooney
page12_img763_darkpoints.csv,0.5189637960447336,0.4907588739290084,9690,rooney
page12_img764_darkpoints.csv,0.5053684064780721,0.5006917732808032,27563,rooney
page13_img1000_darkpoints.csv,0.4291576793318953,0.48350173597582613,1107,rooney
page13_img1001_darkpoints.csv,0.45635365689221663,0.6281518943960942,5146,rooney
page13_img1002_darkpoints.csv,0.47644052857726127,0.4104254406033864,6298,rooney
page13_img1003_darkpoints.csv,0.8224462250407061,0.465602246962748,6668,rooney
page13_img1004_darkpoints.csv,0.3162457666804666,0.661700972491237,3007,rooney
page13_img1006_darkpoints.csv,0.8592605272167065,0.6316811280656871,2921,rooney
page13_img1007_darkpoints.csv,0.44717305289462717,0.44436280287489777,5096,rooney
page13_img1008_darkpoints.csv,0.49725368616346055,0.609651670564736,2508,rooney
page13_img1009_darkpoints.csv,0.03256037945008809,0.6246390459147821,1123,rooney
page13_img1010_darkpoints.csv,0.760955862385896,0.41104639945585525,4885,rooney
page13_img1011_darkpoints.csv,0.42856531834290595,0.4902335903273325,1336,rooney
page13_img1012_darkpoints.csv,0.7530814155986412,0.6271708526313376,4043,rooney
page13_img1015_darkpoints.csv,0.4971745670379705,0.6112101116301567,2008,rooney
page13_img1017_darkpoints.csv,0.5798810113221509,0.38341170788961065,7502,rooney
page13_img1018_darkpoints.csv,0.6089259537770332,0.5931774086834201,8576,rooney
page13_img1019_darkpoints.csv,0.8234703112014036,0.47162862195750743,6630,rooney
page13_img1021_darkpoints.csv,0.6140667536563843,0.5927887964353631,8696,rooney
page13_img1022_darkpoints.csv,0.3174095367748052,0.4686476622514162,1679,rooney
page13_img1023_darkpoints.csv,0.5310265102718829,0.5095740502902997,3010,rooney
page13_img1024_darkpoints.csv,0.4959553902498761,0.44753223199007736,7166,rooney
page13_img1026_darkpoints.csv,0.5208437643948648,0.47337488673666783,8152,rooney
page13_img1027_darkpoints.csv,0.5900949007221529,0.3737973638643896,7017,rooney
page13_img1028_darkpoints.csv,0.45515875219112123,0.6264619438280795,5146,rooney
page13_img1132_darkpoints.csv,0.5044706871507996,0.5448725244075621,52979,rooney
page13_img1133_darkpoints.csv,0.49924394462827726,0.5356581559143619,61546,rooney
page13_img1134_darkpoints.csv,0.49914858982047033,0.5296382355858962,48015,rooney
page13_img1135_darkpoints.csv,0.5057901861579222,0.5364437287408956,49944,rooney
page13_img1136_darkpoints.csv,0.5032151815885474,0.5276420959425727,47206,rooney
page13_img1137_darkpoints.csv,0.513832703563755,0.524640715688299,44990,rooney
page13_img887_darkpoints.csv,0.4875,0.021694214876033006,800,rooney
page13_img888_darkpoints.csv,0.49139208435477816,0.5091943837098876,45279,rooney
page13_img889_darkpoints.csv,0.4875,0.021694214876033006,800,rooney
page13_img890_darkpoints.csv,0.4987780249756381,0.5050698091572655,133405,rooney
page13_img974_darkpoints.csv,0.7939088199120302,0.9197655559072798,979,rooney
page13_img975_darkpoints.csv,0.2965340850428781,0.560887770430411,6523,rooney
page13_img976_darkpoints.csv,0.5149940223366356,0.5225631336050133,3397,rooney
page13_img977_darkpoints.csv,0.03345416319280817,0.6259654180309728,1126,rooney
page13_img978_darkpoints.csv,0.8653786770680968,0.43254297106427214,3516,rooney
page13_img979_darkpoints.csv,0.44908936560519497,0.34479511242447175,4183,rooney
page13_img980_darkpoints.csv,0.339757629632803,0.5707469465805642,7622,rooney
page13_img981_darkpoints.csv,0.5895541375819258,0.3973584823029888,6128,rooney
page13_img982_darkpoints.csv,0.2920467709630271,0.30773524518153794,5655,rooney
page13_img983_darkpoints.csv,0.4621856136820925,0.41203651622193227,5680,rooney
page13_img984_darkpoints.csv,0.607918086907391,0.46281523978124833,9897,rooney
page13_img985_darkpoints.csv,0.6057374903914913,0.46263742326122487,9903,rooney
page13_img986_darkpoints.csv,0.753501768775155,0.6292284992606706,4021,rooney
page13_img987_darkpoints.csv,0.4417364798895054,0.24607647600478677,4285,rooney
page13_img988_darkpoints.csv,0.28985487459390014,0.3566723226113268,6577,rooney
page13_img990_darkpoints.csv,0.4110637239437987,0.4915664069474572,10092,rooney
page13_img991_darkpoints.csv,0.5066403527256812,0.6095460924157567,2518,rooney
page13_img992_darkpoints.csv,0.7609699531636149,0.4149865554624991,4963,rooney
page13_img993_darkpoints.csv,0.30036434323493955,0.4805248505391507,7433,rooney
page13_img994_darkpoints.csv,0.3268770174164822,0.45540645468750207,2333,rooney
page13_img995_darkpoints.csv,0.37914945434367103,0.3810048936806849,2648,rooney
page13_img996_darkpoints.csv,0.6052076002814919,0.38101709227683805,5539,rooney
page13_img997_darkpoints.csv,0.8654075008496201,0.4321521354711941,3543,rooney
page13_img998_darkpoints.csv,0.8632766795328373,0.6359474440338161,2871,rooney
page13_img999_darkpoints.csv,0.504170215665565,0.6113223850186947,2995,rooney
page14_img1170_darkpoints.csv,0.48234429790305366,0.5334226150812539,157575,rooney
page14_img1171_darkpoints.csv,0.4938115644759822,0.5306705183532686,105532,rooney
page14_img1172_darkpoints.csv,0.483851862291467,0.5341082449497744,135489,rooney
page14_img1173_darkpoints.csv,0.47859938507372873,0.5332033554439632,138998,rooney
page14_img1174_darkpoints.csv,0.4887514419272424,0.5298728234275288,101946,rooney
page14_img1175_darkpoints.csv,0.48242283170692485,0.5373757332793205,112143,rooney
page14_img1176_darkpoints.csv,0.4842598339458422,0.5342548983924781,124815,rooney
page14_img1177_darkpoints.csv,0.47676060796223413,0.5491950390245182,201723,rooney
page3_img191_darkpoints.csv,0.4993345173823221,0.501773273819848,96611,rooney
page3_img192_darkpoints.csv,0.49948137675749626,0.5029921774897862,96047,rooney
page3_img193_darkpoints.csv,0.4956251367186425,0.5050592783601332,105432,rooney
page3_img194_darkpoints.csv,0.49801475297172926,0.5099045456356647,113755,rooney
