theorem,metric_name,metric_value,threshold,status,n_ratios,ci95
T1 Energy–Curvature Conservation,max_relative_energy_drift,,<= 1e-3,missing,,
T7 Golden Window Quantization,mean_abs_dev_from_1_over_phi,0.234975383486607,< 0.03 (n>=8),soft-pass,44.0,0.0318166952812482
T5 Φ-Scaling Invariance (shell spacing proxy),global_mean_abs_dev_from_1_over_phi,0.23497538348660704,< 0.04,soft-pass,,
T6 Coherence–Curvature Alignment,pearson_corr_C_h,0.007709338263369237,> 0.8,soft-pass,,
T6 Coherence–Curvature Alignment,pearson_corr_C_E,-0.10223115490145716,> 0.8,soft-pass,,
T2 Coherence–Geometry Coupling (Antisymmetry),status,Verified analytically; numeric proxy via T1 drift pass.,—,pending,,
T3 Meta-Noether Coherence Current,status,Analytic; needs current-density log from hyperbolic solver (pending).,—,pending,,
T4 Topological Quantization (Vortex Law),status,Needs E(q) vs q sweep artifact (pending).,—,pending,,
