theorem,artifact
T1 Energy–Curvature Conservation,/mnt/data/loc_sandbox/results/energy_lock_conservative_ec.csv
T7 Golden Window Quantization,/mnt/data/loc_sandbox/results/golden_shells_stats.csv
T5 Φ-Scaling Invariance (shell spacing proxy),/mnt/data/loc_sandbox/results/golden_shells_ratios_timeseries.csv
T6 Coherence–Curvature Alignment,/mnt/data/loc_sandbox/results/golden_shells_profiles_late.csv
Context: Golden window μ-sweep,/mnt/data/loc_sandbox/results/golden_window_stats.csv
T2 Coherence–Geometry Coupling (Antisymmetry),(pending dedicated artifact)
T3 Meta-Noether Coherence Current,(pending dedicated artifact)
T4 Topological Quantization (Vortex Law),(pending dedicated artifact)
