{
  "rho_init_negative_corr_R_vs_curv": -0.11172828208188541,
  "rho_final_negative_corr_R_vs_curv": -0.128149369894637,
  "outputs": {
    "R_timeseries.csv": "/mnt/data/rft_run/R_timeseries.csv",
    "field.npz": "/mnt/data/rft_run/field.npz",
    "phi_phase_initial.png": "/mnt/data/rft_run/phi_phase_initial.png",
    "phi_mag_initial.png": "/mnt/data/rft_run/phi_mag_initial.png",
    "phi_phase_final.png": "/mnt/data/rft_run/phi_phase_final.png",
    "phi_mag_final.png": "/mnt/data/rft_run/phi_mag_final.png",
    "curvature_proxy_initial.png": "/mnt/data/rft_run/curvature_proxy_initial.png",
    "curvature_proxy_final.png": "/mnt/data/rft_run/curvature_proxy_final.png"
  }
}