{
  "version": "v1.1",
  "seed": 42,
  "baseline": {
    "meta": {
      "kappa1": 3.4,
      "kappa2": 3.0,
      "alpha": 0.12,
      "dt0": 0.00411764705882353,
      "dx": 0.2
    },
    "mae": NaN,
    "coverage": 0
  },
  "drift": {
    "meta": {
      "kappa1": 3.4,
      "kappa2": 3.0,
      "alpha": 0.12,
      "dt0": 0.00411764705882353,
      "dx": 0.2
    },
    "mae": NaN,
    "coverage": 0,
    "drift_rate": 0.0006
  },
  "sweep": [
    {
      "coherence": 0.3,
      "curvature": 0.3,
      "kappa1": 2.2,
      "kappa2": 2.2,
      "mae_steps": NaN,
      "coverage": 0
    },
    {
      "coherence": 0.3,
      "curvature": 0.6,
      "kappa1": 2.2,
      "kappa2": 3.4,
      "mae_steps": NaN,
      "coverage": 0
    },
    {
      "coherence": 0.3,
      "curvature": 0.9,
      "kappa1": 2.2,
      "kappa2": 4.6,
      "mae_steps": NaN,
      "coverage": 0
    },
    {
      "coherence": 0.6,
      "curvature": 0.3,
      "kappa1": 3.4,
      "kappa2": 2.2,
      "mae_steps": NaN,
      "coverage": 0
    },
    {
      "coherence": 0.6,
      "curvature": 0.6,
      "kappa1": 3.4,
      "kappa2": 3.4,
      "mae_steps": NaN,
      "coverage": 0
    },
    {
      "coherence": 0.6,
      "curvature": 0.9,
      "kappa1": 3.4,
      "kappa2": 4.6,
      "mae_steps": NaN,
      "coverage": 0
    },
    {
      "coherence": 0.9,
      "curvature": 0.3,
      "kappa1": 4.6,
      "kappa2": 2.2,
      "mae_steps": NaN,
      "coverage": 0
    },
    {
      "coherence": 0.9,
      "curvature": 0.6,
      "kappa1": 4.6,
      "kappa2": 3.4,
      "mae_steps": NaN,
      "coverage": 0
    },
    {
      "coherence": 0.9,
      "curvature": 0.9,
      "kappa1": 4.6,
      "kappa2": 4.6,
      "mae_steps": NaN,
      "coverage": 0
    }
  ]
}