{
  "vortex_energy": {
    "rho_raw": 0.9973752322049013,
    "rmse_raw": 0.032960456879174864,
    "nmb_raw": -0.047096397672365495
  },
  "dipole_separation": {
    "rho_raw": 0.9976788821717415,
    "rmse_raw": 0.04654269425584635,
    "nmb_raw": 0.053147414617324196
  },
  "files": {
    "vortex_csv": "/mnt/data/synth_vortex_energy_decay.csv",
    "vortex_plot": "/mnt/data/synth_vortex_energy_decay.png",
    "dipole_csv": "/mnt/data/synth_dipole_separation_decay.csv",
    "dipole_plot": "/mnt/data/synth_dipole_separation_decay.png"
  }
}